-2,-46,kqil25JEbhZu/lACVxxkQ3R6xzs=,6o8P5EcqE+EnKE4oqE/GF6ZfZUw=
-1,-46,kqil25JEbhZu/lACVxxkQ3R6xzs=,6o8P5EcqE+EnKE4oqE/GF6ZfZUw=
-3,-46,kqil25JEbhZu/lACVxxkQ3R6xzs=,6o8P5EcqE+EnKE4oqE/GF6ZfZUw=
-16,-45,kqil25JEbhZu/lACVxxkQ3R6xzs=,6o8P5EcqE+EnKE4oqE/GF6ZfZUw=
-15,-45,kqil25JEbhZu/lACVxxkQ3R6xzs=,6o8P5EcqE+EnKE4oqE/GF6ZfZUw=
-14,-45,vdx26mgPg3WqqVG4kmzdY4CPxXk=,6o8P5EcqE+EnKE4oqE/GF6ZfZUw=
-16,-46,kqil25JEbhZu/lACVxxkQ3R6xzs=,6o8P5EcqE+EnKE4oqE/GF6ZfZUw=
-13,-45,GRqZ8FWOTzHxibrcKJ+rMPTny5M=,6o8P5EcqE+EnKE4oqE/GF6ZfZUw=
-13,-48,vdx26mgPg3WqqVG4kmzdY4CPxXk=,6o8P5EcqE+EnKE4oqE/GF6ZfZUw=
-12,-45,vdx26mgPg3WqqVG4kmzdY4CPxXk=,6o8P5EcqE+EnKE4oqE/GF6ZfZUw=
-12,-48,kqil25JEbhZu/lACVxxkQ3R6xzs=,6o8P5EcqE+EnKE4oqE/GF6ZfZUw=
-16,-48,kqil25JEbhZu/lACVxxkQ3R6xzs=,6o8P5EcqE+EnKE4oqE/GF6ZfZUw=
-11,-45,kqil25JEbhZu/lACVxxkQ3R6xzs=,6o8P5EcqE+EnKE4oqE/GF6ZfZUw=
-10,-45,VoKY/59VXw1G6dYc1iM4ssS10l8=,6o8P5EcqE+EnKE4oqE/GF6ZfZUw=
-9,-45,vdx26mgPg3WqqVG4kmzdY4CPxXk=,6o8P5EcqE+EnKE4oqE/GF6ZfZUw=
-8,-45,GRqZ8FWOTzHxibrcKJ+rMPTny5M=,6o8P5EcqE+EnKE4oqE/GF6ZfZUw=
-7,-45,kqil25JEbhZu/lACVxxkQ3R6xzs=,6o8P5EcqE+EnKE4oqE/GF6ZfZUw=
-5,-45,kqil25JEbhZu/lACVxxkQ3R6xzs=,6o8P5EcqE+EnKE4oqE/GF6ZfZUw=
-6,-45,kqil25JEbhZu/lACVxxkQ3R6xzs=,6o8P5EcqE+EnKE4oqE/GF6ZfZUw=
-4,-45,kqil25JEbhZu/lACVxxkQ3R6xzs=,6o8P5EcqE+EnKE4oqE/GF6ZfZUw=
-3,-33,kqil25JEbhZu/lACVxxkQ3R6xzs=,6o8P5EcqE+EnKE4oqE/GF6ZfZUw=
-1,-47,kqil25JEbhZu/lACVxxkQ3R6xzs=,6o8P5EcqE+EnKE4oqE/GF6ZfZUw=
-3,-45,kqil25JEbhZu/lACVxxkQ3R6xzs=,6o8P5EcqE+EnKE4oqE/GF6ZfZUw=
-15,-46,kqil25JEbhZu/lACVxxkQ3R6xzs=,6o8P5EcqE+EnKE4oqE/GF6ZfZUw=
-2,-47,kqil25JEbhZu/lACVxxkQ3R6xzs=,6o8P5EcqE+EnKE4oqE/GF6ZfZUw=
-2,-45,kqil25JEbhZu/lACVxxkQ3R6xzs=,6o8P5EcqE+EnKE4oqE/GF6ZfZUw=
-4,-47,kqil25JEbhZu/lACVxxkQ3R6xzs=,6o8P5EcqE+EnKE4oqE/GF6ZfZUw=
-5,-47,kqil25JEbhZu/lACVxxkQ3R6xzs=,6o8P5EcqE+EnKE4oqE/GF6ZfZUw=
-1,-45,kqil25JEbhZu/lACVxxkQ3R6xzs=,6o8P5EcqE+EnKE4oqE/GF6ZfZUw=
-16,-44,kqil25JEbhZu/lACVxxkQ3R6xzs=,6o8P5EcqE+EnKE4oqE/GF6ZfZUw=
-6,-47,kqil25JEbhZu/lACVxxkQ3R6xzs=,6o8P5EcqE+EnKE4oqE/GF6ZfZUw=
-15,-44,kqil25JEbhZu/lACVxxkQ3R6xzs=,6o8P5EcqE+EnKE4oqE/GF6ZfZUw=
-3,-47,kqil25JEbhZu/lACVxxkQ3R6xzs=,6o8P5EcqE+EnKE4oqE/GF6ZfZUw=
-14,-44,kqil25JEbhZu/lACVxxkQ3R6xzs=,6o8P5EcqE+EnKE4oqE/GF6ZfZUw=
-13,-44,kqil25JEbhZu/lACVxxkQ3R6xzs=,6o8P5EcqE+EnKE4oqE/GF6ZfZUw=
-7,-47,kqil25JEbhZu/lACVxxkQ3R6xzs=,6o8P5EcqE+EnKE4oqE/GF6ZfZUw=
-12,-44,kqil25JEbhZu/lACVxxkQ3R6xzs=,6o8P5EcqE+EnKE4oqE/GF6ZfZUw=
-14,-46,kqil25JEbhZu/lACVxxkQ3R6xzs=,6o8P5EcqE+EnKE4oqE/GF6ZfZUw=
-8,-47,kqil25JEbhZu/lACVxxkQ3R6xzs=,6o8P5EcqE+EnKE4oqE/GF6ZfZUw=
-11,-48,GRqZ8FWOTzHxibrcKJ+rMPTny5M=,6o8P5EcqE+EnKE4oqE/GF6ZfZUw=
-9,-47,kqil25JEbhZu/lACVxxkQ3R6xzs=,6o8P5EcqE+EnKE4oqE/GF6ZfZUw=
-10,-47,kqil25JEbhZu/lACVxxkQ3R6xzs=,6o8P5EcqE+EnKE4oqE/GF6ZfZUw=
-10,-44,kqil25JEbhZu/lACVxxkQ3R6xzs=,6o8P5EcqE+EnKE4oqE/GF6ZfZUw=
-11,-44,kqil25JEbhZu/lACVxxkQ3R6xzs=,6o8P5EcqE+EnKE4oqE/GF6ZfZUw=
-9,-44,kqil25JEbhZu/lACVxxkQ3R6xzs=,6o8P5EcqE+EnKE4oqE/GF6ZfZUw=
-7,-44,kqil25JEbhZu/lACVxxkQ3R6xzs=,6o8P5EcqE+EnKE4oqE/GF6ZfZUw=
-8,-44,kqil25JEbhZu/lACVxxkQ3R6xzs=,6o8P5EcqE+EnKE4oqE/GF6ZfZUw=
-6,-44,kqil25JEbhZu/lACVxxkQ3R6xzs=,6o8P5EcqE+EnKE4oqE/GF6ZfZUw=
-5,-44,kqil25JEbhZu/lACVxxkQ3R6xzs=,6o8P5EcqE+EnKE4oqE/GF6ZfZUw=
-4,-44,kqil25JEbhZu/lACVxxkQ3R6xzs=,6o8P5EcqE+EnKE4oqE/GF6ZfZUw=
-3,-44,kqil25JEbhZu/lACVxxkQ3R6xzs=,6o8P5EcqE+EnKE4oqE/GF6ZfZUw=
-2,-44,kqil25JEbhZu/lACVxxkQ3R6xzs=,6o8P5EcqE+EnKE4oqE/GF6ZfZUw=
-10,-48,kqil25JEbhZu/lACVxxkQ3R6xzs=,6o8P5EcqE+EnKE4oqE/GF6ZfZUw=
-16,-43,kqil25JEbhZu/lACVxxkQ3R6xzs=,6o8P5EcqE+EnKE4oqE/GF6ZfZUw=
-1,-44,kqil25JEbhZu/lACVxxkQ3R6xzs=,6o8P5EcqE+EnKE4oqE/GF6ZfZUw=
-15,-43,kqil25JEbhZu/lACVxxkQ3R6xzs=,6o8P5EcqE+EnKE4oqE/GF6ZfZUw=
-14,-43,kqil25JEbhZu/lACVxxkQ3R6xzs=,6o8P5EcqE+EnKE4oqE/GF6ZfZUw=
-13,-43,kqil25JEbhZu/lACVxxkQ3R6xzs=,6o8P5EcqE+EnKE4oqE/GF6ZfZUw=
-13,-46,kqil25JEbhZu/lACVxxkQ3R6xzs=,6o8P5EcqE+EnKE4oqE/GF6ZfZUw=
-12,-43,kqil25JEbhZu/lACVxxkQ3R6xzs=,6o8P5EcqE+EnKE4oqE/GF6ZfZUw=
-9,-48,kqil25JEbhZu/lACVxxkQ3R6xzs=,6o8P5EcqE+EnKE4oqE/GF6ZfZUw=
-11,-43,kqil25JEbhZu/lACVxxkQ3R6xzs=,6o8P5EcqE+EnKE4oqE/GF6ZfZUw=
-10,-43,kqil25JEbhZu/lACVxxkQ3R6xzs=,6o8P5EcqE+EnKE4oqE/GF6ZfZUw=
-9,-43,kqil25JEbhZu/lACVxxkQ3R6xzs=,6o8P5EcqE+EnKE4oqE/GF6ZfZUw=
-8,-43,kqil25JEbhZu/lACVxxkQ3R6xzs=,6o8P5EcqE+EnKE4oqE/GF6ZfZUw=
-6,-43,kqil25JEbhZu/lACVxxkQ3R6xzs=,6o8P5EcqE+EnKE4oqE/GF6ZfZUw=
-7,-43,kqil25JEbhZu/lACVxxkQ3R6xzs=,6o8P5EcqE+EnKE4oqE/GF6ZfZUw=
-5,-43,kqil25JEbhZu/lACVxxkQ3R6xzs=,6o8P5EcqE+EnKE4oqE/GF6ZfZUw=
-4,-43,kqil25JEbhZu/lACVxxkQ3R6xzs=,6o8P5EcqE+EnKE4oqE/GF6ZfZUw=
-3,-43,kqil25JEbhZu/lACVxxkQ3R6xzs=,6o8P5EcqE+EnKE4oqE/GF6ZfZUw=
-2,-43,kqil25JEbhZu/lACVxxkQ3R6xzs=,6o8P5EcqE+EnKE4oqE/GF6ZfZUw=
-16,-42,kqil25JEbhZu/lACVxxkQ3R6xzs=,6o8P5EcqE+EnKE4oqE/GF6ZfZUw=
-1,-43,kqil25JEbhZu/lACVxxkQ3R6xzs=,6o8P5EcqE+EnKE4oqE/GF6ZfZUw=
-15,-42,kqil25JEbhZu/lACVxxkQ3R6xzs=,6o8P5EcqE+EnKE4oqE/GF6ZfZUw=
-14,-42,kqil25JEbhZu/lACVxxkQ3R6xzs=,6o8P5EcqE+EnKE4oqE/GF6ZfZUw=
-13,-42,kqil25JEbhZu/lACVxxkQ3R6xzs=,6o8P5EcqE+EnKE4oqE/GF6ZfZUw=
-11,-42,kqil25JEbhZu/lACVxxkQ3R6xzs=,6o8P5EcqE+EnKE4oqE/GF6ZfZUw=
-12,-42,kqil25JEbhZu/lACVxxkQ3R6xzs=,6o8P5EcqE+EnKE4oqE/GF6ZfZUw=
-12,-46,GRqZ8FWOTzHxibrcKJ+rMPTny5M=,6o8P5EcqE+EnKE4oqE/GF6ZfZUw=
-8,-48,kqil25JEbhZu/lACVxxkQ3R6xzs=,6o8P5EcqE+EnKE4oqE/GF6ZfZUw=
-10,-42,kqil25JEbhZu/lACVxxkQ3R6xzs=,6o8P5EcqE+EnKE4oqE/GF6ZfZUw=
-9,-42,kqil25JEbhZu/lACVxxkQ3R6xzs=,6o8P5EcqE+EnKE4oqE/GF6ZfZUw=
-7,-42,kqil25JEbhZu/lACVxxkQ3R6xzs=,6o8P5EcqE+EnKE4oqE/GF6ZfZUw=
-8,-42,kqil25JEbhZu/lACVxxkQ3R6xzs=,6o8P5EcqE+EnKE4oqE/GF6ZfZUw=
-6,-42,kqil25JEbhZu/lACVxxkQ3R6xzs=,6o8P5EcqE+EnKE4oqE/GF6ZfZUw=
-5,-42,kqil25JEbhZu/lACVxxkQ3R6xzs=,6o8P5EcqE+EnKE4oqE/GF6ZfZUw=
-4,-42,kqil25JEbhZu/lACVxxkQ3R6xzs=,6o8P5EcqE+EnKE4oqE/GF6ZfZUw=
-3,-42,kqil25JEbhZu/lACVxxkQ3R6xzs=,6o8P5EcqE+EnKE4oqE/GF6ZfZUw=
-2,-42,kqil25JEbhZu/lACVxxkQ3R6xzs=,6o8P5EcqE+EnKE4oqE/GF6ZfZUw=
-1,-42,kqil25JEbhZu/lACVxxkQ3R6xzs=,6o8P5EcqE+EnKE4oqE/GF6ZfZUw=
-16,-41,kqil25JEbhZu/lACVxxkQ3R6xzs=,6o8P5EcqE+EnKE4oqE/GF6ZfZUw=
-14,-41,kqil25JEbhZu/lACVxxkQ3R6xzs=,6o8P5EcqE+EnKE4oqE/GF6ZfZUw=
-15,-41,kqil25JEbhZu/lACVxxkQ3R6xzs=,6o8P5EcqE+EnKE4oqE/GF6ZfZUw=
-13,-41,kqil25JEbhZu/lACVxxkQ3R6xzs=,6o8P5EcqE+EnKE4oqE/GF6ZfZUw=
-11,-41,kqil25JEbhZu/lACVxxkQ3R6xzs=,6o8P5EcqE+EnKE4oqE/GF6ZfZUw=
-12,-41,kqil25JEbhZu/lACVxxkQ3R6xzs=,6o8P5EcqE+EnKE4oqE/GF6ZfZUw=
-2,-33,kqil25JEbhZu/lACVxxkQ3R6xzs=,6o8P5EcqE+EnKE4oqE/GF6ZfZUw=
-1,-33,kqil25JEbhZu/lACVxxkQ3R6xzs=,6o8P5EcqE+EnKE4oqE/GF6ZfZUw=
-10,-33,kqil25JEbhZu/lACVxxkQ3R6xzs=,6o8P5EcqE+EnKE4oqE/GF6ZfZUw=
-9,-33,kqil25JEbhZu/lACVxxkQ3R6xzs=,6o8P5EcqE+EnKE4oqE/GF6ZfZUw=
-14,-33,kqil25JEbhZu/lACVxxkQ3R6xzs=,6o8P5EcqE+EnKE4oqE/GF6ZfZUw=
-15,-33,kqil25JEbhZu/lACVxxkQ3R6xzs=,6o8P5EcqE+EnKE4oqE/GF6ZfZUw=
-15,-47,kqil25JEbhZu/lACVxxkQ3R6xzs=,6o8P5EcqE+EnKE4oqE/GF6ZfZUw=
-11,-47,GRqZ8FWOTzHxibrcKJ+rMPTny5M=,6o8P5EcqE+EnKE4oqE/GF6ZfZUw=
-12,-47,GRqZ8FWOTzHxibrcKJ+rMPTny5M=,6o8P5EcqE+EnKE4oqE/GF6ZfZUw=
-16,-33,kqil25JEbhZu/lACVxxkQ3R6xzs=,6o8P5EcqE+EnKE4oqE/GF6ZfZUw=
-13,-47,kqil25JEbhZu/lACVxxkQ3R6xzs=,6o8P5EcqE+EnKE4oqE/GF6ZfZUw=
-14,-47,kqil25JEbhZu/lACVxxkQ3R6xzs=,6o8P5EcqE+EnKE4oqE/GF6ZfZUw=
-1,-34,kqil25JEbhZu/lACVxxkQ3R6xzs=,6o8P5EcqE+EnKE4oqE/GF6ZfZUw=
-14,-48,kqil25JEbhZu/lACVxxkQ3R6xzs=,6o8P5EcqE+EnKE4oqE/GF6ZfZUw=
-13,-33,kqil25JEbhZu/lACVxxkQ3R6xzs=,6o8P5EcqE+EnKE4oqE/GF6ZfZUw=
-3,-34,kqil25JEbhZu/lACVxxkQ3R6xzs=,6o8P5EcqE+EnKE4oqE/GF6ZfZUw=
-4,-46,kqil25JEbhZu/lACVxxkQ3R6xzs=,6o8P5EcqE+EnKE4oqE/GF6ZfZUw=
-4,-33,kqil25JEbhZu/lACVxxkQ3R6xzs=,6o8P5EcqE+EnKE4oqE/GF6ZfZUw=
-8,-33,kqil25JEbhZu/lACVxxkQ3R6xzs=,6o8P5EcqE+EnKE4oqE/GF6ZfZUw=
-11,-33,kqil25JEbhZu/lACVxxkQ3R6xzs=,6o8P5EcqE+EnKE4oqE/GF6ZfZUw=
-2,-34,kqil25JEbhZu/lACVxxkQ3R6xzs=,6o8P5EcqE+EnKE4oqE/GF6ZfZUw=
-12,-33,kqil25JEbhZu/lACVxxkQ3R6xzs=,6o8P5EcqE+EnKE4oqE/GF6ZfZUw=
-4,-34,kqil25JEbhZu/lACVxxkQ3R6xzs=,6o8P5EcqE+EnKE4oqE/GF6ZfZUw=
-7,-33,kqil25JEbhZu/lACVxxkQ3R6xzs=,6o8P5EcqE+EnKE4oqE/GF6ZfZUw=
-10,-34,kqil25JEbhZu/lACVxxkQ3R6xzs=,6o8P5EcqE+EnKE4oqE/GF6ZfZUw=
-5,-34,kqil25JEbhZu/lACVxxkQ3R6xzs=,6o8P5EcqE+EnKE4oqE/GF6ZfZUw=
-10,-41,kqil25JEbhZu/lACVxxkQ3R6xzs=,6o8P5EcqE+EnKE4oqE/GF6ZfZUw=
-11,-46,VoKY/59VXw1G6dYc1iM4ssS10l8=,6o8P5EcqE+EnKE4oqE/GF6ZfZUw=
-7,-48,kqil25JEbhZu/lACVxxkQ3R6xzs=,6o8P5EcqE+EnKE4oqE/GF6ZfZUw=
-11,-34,kqil25JEbhZu/lACVxxkQ3R6xzs=,6o8P5EcqE+EnKE4oqE/GF6ZfZUw=
-14,-34,kqil25JEbhZu/lACVxxkQ3R6xzs=,6o8P5EcqE+EnKE4oqE/GF6ZfZUw=
-16,-34,kqil25JEbhZu/lACVxxkQ3R6xzs=,6o8P5EcqE+EnKE4oqE/GF6ZfZUw=
-16,-47,kqil25JEbhZu/lACVxxkQ3R6xzs=,6o8P5EcqE+EnKE4oqE/GF6ZfZUw=
-15,-34,kqil25JEbhZu/lACVxxkQ3R6xzs=,6o8P5EcqE+EnKE4oqE/GF6ZfZUw=
-6,-33,kqil25JEbhZu/lACVxxkQ3R6xzs=,6o8P5EcqE+EnKE4oqE/GF6ZfZUw=
-9,-34,kqil25JEbhZu/lACVxxkQ3R6xzs=,6o8P5EcqE+EnKE4oqE/GF6ZfZUw=
-1,-48,kqil25JEbhZu/lACVxxkQ3R6xzs=,6o8P5EcqE+EnKE4oqE/GF6ZfZUw=
-12,-34,kqil25JEbhZu/lACVxxkQ3R6xzs=,6o8P5EcqE+EnKE4oqE/GF6ZfZUw=
-5,-46,kqil25JEbhZu/lACVxxkQ3R6xzs=,6o8P5EcqE+EnKE4oqE/GF6ZfZUw=
-3,-35,kqil25JEbhZu/lACVxxkQ3R6xzs=,6o8P5EcqE+EnKE4oqE/GF6ZfZUw=
-5,-33,kqil25JEbhZu/lACVxxkQ3R6xzs=,6o8P5EcqE+EnKE4oqE/GF6ZfZUw=
-8,-34,kqil25JEbhZu/lACVxxkQ3R6xzs=,6o8P5EcqE+EnKE4oqE/GF6ZfZUw=
-2,-35,kqil25JEbhZu/lACVxxkQ3R6xzs=,6o8P5EcqE+EnKE4oqE/GF6ZfZUw=
-7,-34,kqil25JEbhZu/lACVxxkQ3R6xzs=,6o8P5EcqE+EnKE4oqE/GF6ZfZUw=
-4,-35,kqil25JEbhZu/lACVxxkQ3R6xzs=,6o8P5EcqE+EnKE4oqE/GF6ZfZUw=
-5,-35,kqil25JEbhZu/lACVxxkQ3R6xzs=,6o8P5EcqE+EnKE4oqE/GF6ZfZUw=
-9,-41,kqil25JEbhZu/lACVxxkQ3R6xzs=,6o8P5EcqE+EnKE4oqE/GF6ZfZUw=
-6,-34,kqil25JEbhZu/lACVxxkQ3R6xzs=,6o8P5EcqE+EnKE4oqE/GF6ZfZUw=
-7,-35,kqil25JEbhZu/lACVxxkQ3R6xzs=,6o8P5EcqE+EnKE4oqE/GF6ZfZUw=
-8,-35,kqil25JEbhZu/lACVxxkQ3R6xzs=,6o8P5EcqE+EnKE4oqE/GF6ZfZUw=
-1,-35,kqil25JEbhZu/lACVxxkQ3R6xzs=,6o8P5EcqE+EnKE4oqE/GF6ZfZUw=
-15,-48,GRqZ8FWOTzHxibrcKJ+rMPTny5M=,6o8P5EcqE+EnKE4oqE/GF6ZfZUw=
-11,-35,kqil25JEbhZu/lACVxxkQ3R6xzs=,6o8P5EcqE+EnKE4oqE/GF6ZfZUw=
-16,-35,kqil25JEbhZu/lACVxxkQ3R6xzs=,6o8P5EcqE+EnKE4oqE/GF6ZfZUw=
-9,-35,kqil25JEbhZu/lACVxxkQ3R6xzs=,6o8P5EcqE+EnKE4oqE/GF6ZfZUw=
-6,-35,kqil25JEbhZu/lACVxxkQ3R6xzs=,6o8P5EcqE+EnKE4oqE/GF6ZfZUw=
-15,-35,kqil25JEbhZu/lACVxxkQ3R6xzs=,6o8P5EcqE+EnKE4oqE/GF6ZfZUw=
-2,-48,kqil25JEbhZu/lACVxxkQ3R6xzs=,6o8P5EcqE+EnKE4oqE/GF6ZfZUw=
-6,-46,kqil25JEbhZu/lACVxxkQ3R6xzs=,6o8P5EcqE+EnKE4oqE/GF6ZfZUw=
-10,-35,kqil25JEbhZu/lACVxxkQ3R6xzs=,6o8P5EcqE+EnKE4oqE/GF6ZfZUw=
-1,-36,kqil25JEbhZu/lACVxxkQ3R6xzs=,6o8P5EcqE+EnKE4oqE/GF6ZfZUw=
-14,-35,kqil25JEbhZu/lACVxxkQ3R6xzs=,6o8P5EcqE+EnKE4oqE/GF6ZfZUw=
-3,-36,kqil25JEbhZu/lACVxxkQ3R6xzs=,6o8P5EcqE+EnKE4oqE/GF6ZfZUw=
-12,-35,kqil25JEbhZu/lACVxxkQ3R6xzs=,6o8P5EcqE+EnKE4oqE/GF6ZfZUw=
-8,-41,kqil25JEbhZu/lACVxxkQ3R6xzs=,6o8P5EcqE+EnKE4oqE/GF6ZfZUw=
-13,-34,kqil25JEbhZu/lACVxxkQ3R6xzs=,6o8P5EcqE+EnKE4oqE/GF6ZfZUw=
-13,-35,kqil25JEbhZu/lACVxxkQ3R6xzs=,6o8P5EcqE+EnKE4oqE/GF6ZfZUw=
-7,-41,kqil25JEbhZu/lACVxxkQ3R6xzs=,6o8P5EcqE+EnKE4oqE/GF6ZfZUw=
-2,-36,kqil25JEbhZu/lACVxxkQ3R6xzs=,6o8P5EcqE+EnKE4oqE/GF6ZfZUw=
-7,-36,kqil25JEbhZu/lACVxxkQ3R6xzs=,6o8P5EcqE+EnKE4oqE/GF6ZfZUw=
-9,-36,kqil25JEbhZu/lACVxxkQ3R6xzs=,6o8P5EcqE+EnKE4oqE/GF6ZfZUw=
-10,-36,kqil25JEbhZu/lACVxxkQ3R6xzs=,6o8P5EcqE+EnKE4oqE/GF6ZfZUw=
-5,-36,kqil25JEbhZu/lACVxxkQ3R6xzs=,6o8P5EcqE+EnKE4oqE/GF6ZfZUw=
-6,-36,kqil25JEbhZu/lACVxxkQ3R6xzs=,6o8P5EcqE+EnKE4oqE/GF6ZfZUw=
-16,-36,kqil25JEbhZu/lACVxxkQ3R6xzs=,6o8P5EcqE+EnKE4oqE/GF6ZfZUw=
-15,-36,kqil25JEbhZu/lACVxxkQ3R6xzs=,6o8P5EcqE+EnKE4oqE/GF6ZfZUw=
-6,-41,kqil25JEbhZu/lACVxxkQ3R6xzs=,6o8P5EcqE+EnKE4oqE/GF6ZfZUw=
-3,-48,kqil25JEbhZu/lACVxxkQ3R6xzs=,6o8P5EcqE+EnKE4oqE/GF6ZfZUw=
-11,-36,kqil25JEbhZu/lACVxxkQ3R6xzs=,6o8P5EcqE+EnKE4oqE/GF6ZfZUw=
-7,-46,kqil25JEbhZu/lACVxxkQ3R6xzs=,6o8P5EcqE+EnKE4oqE/GF6ZfZUw=
-5,-41,kqil25JEbhZu/lACVxxkQ3R6xzs=,6o8P5EcqE+EnKE4oqE/GF6ZfZUw=
-4,-41,kqil25JEbhZu/lACVxxkQ3R6xzs=,6o8P5EcqE+EnKE4oqE/GF6ZfZUw=
-3,-41,kqil25JEbhZu/lACVxxkQ3R6xzs=,6o8P5EcqE+EnKE4oqE/GF6ZfZUw=
-2,-41,kqil25JEbhZu/lACVxxkQ3R6xzs=,6o8P5EcqE+EnKE4oqE/GF6ZfZUw=
-1,-41,kqil25JEbhZu/lACVxxkQ3R6xzs=,6o8P5EcqE+EnKE4oqE/GF6ZfZUw=
-13,-36,kqil25JEbhZu/lACVxxkQ3R6xzs=,6o8P5EcqE+EnKE4oqE/GF6ZfZUw=
-2,-37,kqil25JEbhZu/lACVxxkQ3R6xzs=,6o8P5EcqE+EnKE4oqE/GF6ZfZUw=
-7,-37,kqil25JEbhZu/lACVxxkQ3R6xzs=,6o8P5EcqE+EnKE4oqE/GF6ZfZUw=
-12,-36,kqil25JEbhZu/lACVxxkQ3R6xzs=,6o8P5EcqE+EnKE4oqE/GF6ZfZUw=
-5,-37,kqil25JEbhZu/lACVxxkQ3R6xzs=,6o8P5EcqE+EnKE4oqE/GF6ZfZUw=
-8,-37,kqil25JEbhZu/lACVxxkQ3R6xzs=,6o8P5EcqE+EnKE4oqE/GF6ZfZUw=
-16,-40,kqil25JEbhZu/lACVxxkQ3R6xzs=,6o8P5EcqE+EnKE4oqE/GF6ZfZUw=
-15,-40,kqil25JEbhZu/lACVxxkQ3R6xzs=,6o8P5EcqE+EnKE4oqE/GF6ZfZUw=
-13,-40,kqil25JEbhZu/lACVxxkQ3R6xzs=,6o8P5EcqE+EnKE4oqE/GF6ZfZUw=
-14,-40,kqil25JEbhZu/lACVxxkQ3R6xzs=,6o8P5EcqE+EnKE4oqE/GF6ZfZUw=
-12,-40,kqil25JEbhZu/lACVxxkQ3R6xzs=,6o8P5EcqE+EnKE4oqE/GF6ZfZUw=
-1,-37,kqil25JEbhZu/lACVxxkQ3R6xzs=,6o8P5EcqE+EnKE4oqE/GF6ZfZUw=
-3,-37,kqil25JEbhZu/lACVxxkQ3R6xzs=,6o8P5EcqE+EnKE4oqE/GF6ZfZUw=
-8,-36,kqil25JEbhZu/lACVxxkQ3R6xzs=,6o8P5EcqE+EnKE4oqE/GF6ZfZUw=
-4,-37,kqil25JEbhZu/lACVxxkQ3R6xzs=,6o8P5EcqE+EnKE4oqE/GF6ZfZUw=
-6,-37,kqil25JEbhZu/lACVxxkQ3R6xzs=,6o8P5EcqE+EnKE4oqE/GF6ZfZUw=
-11,-40,kqil25JEbhZu/lACVxxkQ3R6xzs=,6o8P5EcqE+EnKE4oqE/GF6ZfZUw=
-16,-37,kqil25JEbhZu/lACVxxkQ3R6xzs=,6o8P5EcqE+EnKE4oqE/GF6ZfZUw=
-13,-37,kqil25JEbhZu/lACVxxkQ3R6xzs=,6o8P5EcqE+EnKE4oqE/GF6ZfZUw=
-14,-37,kqil25JEbhZu/lACVxxkQ3R6xzs=,6o8P5EcqE+EnKE4oqE/GF6ZfZUw=
-11,-37,kqil25JEbhZu/lACVxxkQ3R6xzs=,6o8P5EcqE+EnKE4oqE/GF6ZfZUw=
-4,-48,kqil25JEbhZu/lACVxxkQ3R6xzs=,6o8P5EcqE+EnKE4oqE/GF6ZfZUw=
-12,-37,kqil25JEbhZu/lACVxxkQ3R6xzs=,6o8P5EcqE+EnKE4oqE/GF6ZfZUw=
-9,-37,kqil25JEbhZu/lACVxxkQ3R6xzs=,6o8P5EcqE+EnKE4oqE/GF6ZfZUw=
-15,-37,kqil25JEbhZu/lACVxxkQ3R6xzs=,6o8P5EcqE+EnKE4oqE/GF6ZfZUw=
-8,-46,kqil25JEbhZu/lACVxxkQ3R6xzs=,6o8P5EcqE+EnKE4oqE/GF6ZfZUw=
-10,-37,kqil25JEbhZu/lACVxxkQ3R6xzs=,6o8P5EcqE+EnKE4oqE/GF6ZfZUw=
-14,-36,kqil25JEbhZu/lACVxxkQ3R6xzs=,6o8P5EcqE+EnKE4oqE/GF6ZfZUw=
-1,-38,kqil25JEbhZu/lACVxxkQ3R6xzs=,6o8P5EcqE+EnKE4oqE/GF6ZfZUw=
-9,-38,kqil25JEbhZu/lACVxxkQ3R6xzs=,6o8P5EcqE+EnKE4oqE/GF6ZfZUw=
-2,-38,kqil25JEbhZu/lACVxxkQ3R6xzs=,6o8P5EcqE+EnKE4oqE/GF6ZfZUw=
-6,-38,kqil25JEbhZu/lACVxxkQ3R6xzs=,6o8P5EcqE+EnKE4oqE/GF6ZfZUw=
-8,-38,kqil25JEbhZu/lACVxxkQ3R6xzs=,6o8P5EcqE+EnKE4oqE/GF6ZfZUw=
-16,-38,kqil25JEbhZu/lACVxxkQ3R6xzs=,6o8P5EcqE+EnKE4oqE/GF6ZfZUw=
-11,-38,kqil25JEbhZu/lACVxxkQ3R6xzs=,6o8P5EcqE+EnKE4oqE/GF6ZfZUw=
-10,-40,kqil25JEbhZu/lACVxxkQ3R6xzs=,6o8P5EcqE+EnKE4oqE/GF6ZfZUw=
-13,-38,kqil25JEbhZu/lACVxxkQ3R6xzs=,6o8P5EcqE+EnKE4oqE/GF6ZfZUw=
-14,-38,kqil25JEbhZu/lACVxxkQ3R6xzs=,6o8P5EcqE+EnKE4oqE/GF6ZfZUw=
-15,-38,kqil25JEbhZu/lACVxxkQ3R6xzs=,6o8P5EcqE+EnKE4oqE/GF6ZfZUw=
-5,-38,kqil25JEbhZu/lACVxxkQ3R6xzs=,6o8P5EcqE+EnKE4oqE/GF6ZfZUw=
-5,-48,kqil25JEbhZu/lACVxxkQ3R6xzs=,6o8P5EcqE+EnKE4oqE/GF6ZfZUw=
-4,-38,kqil25JEbhZu/lACVxxkQ3R6xzs=,6o8P5EcqE+EnKE4oqE/GF6ZfZUw=
-3,-38,kqil25JEbhZu/lACVxxkQ3R6xzs=,6o8P5EcqE+EnKE4oqE/GF6ZfZUw=
-2,-39,kqil25JEbhZu/lACVxxkQ3R6xzs=,6o8P5EcqE+EnKE4oqE/GF6ZfZUw=
-9,-46,kqil25JEbhZu/lACVxxkQ3R6xzs=,6o8P5EcqE+EnKE4oqE/GF6ZfZUw=
-12,-38,kqil25JEbhZu/lACVxxkQ3R6xzs=,6o8P5EcqE+EnKE4oqE/GF6ZfZUw=
-3,-39,kqil25JEbhZu/lACVxxkQ3R6xzs=,6o8P5EcqE+EnKE4oqE/GF6ZfZUw=
-12,-39,kqil25JEbhZu/lACVxxkQ3R6xzs=,6o8P5EcqE+EnKE4oqE/GF6ZfZUw=
-1,-39,kqil25JEbhZu/lACVxxkQ3R6xzs=,6o8P5EcqE+EnKE4oqE/GF6ZfZUw=
-10,-38,kqil25JEbhZu/lACVxxkQ3R6xzs=,6o8P5EcqE+EnKE4oqE/GF6ZfZUw=
-14,-39,kqil25JEbhZu/lACVxxkQ3R6xzs=,6o8P5EcqE+EnKE4oqE/GF6ZfZUw=
-15,-39,kqil25JEbhZu/lACVxxkQ3R6xzs=,6o8P5EcqE+EnKE4oqE/GF6ZfZUw=
-16,-39,kqil25JEbhZu/lACVxxkQ3R6xzs=,6o8P5EcqE+EnKE4oqE/GF6ZfZUw=
-1,-40,kqil25JEbhZu/lACVxxkQ3R6xzs=,6o8P5EcqE+EnKE4oqE/GF6ZfZUw=
-7,-38,kqil25JEbhZu/lACVxxkQ3R6xzs=,6o8P5EcqE+EnKE4oqE/GF6ZfZUw=
-13,-39,kqil25JEbhZu/lACVxxkQ3R6xzs=,6o8P5EcqE+EnKE4oqE/GF6ZfZUw=
-5,-39,kqil25JEbhZu/lACVxxkQ3R6xzs=,6o8P5EcqE+EnKE4oqE/GF6ZfZUw=
-2,-40,kqil25JEbhZu/lACVxxkQ3R6xzs=,6o8P5EcqE+EnKE4oqE/GF6ZfZUw=
-3,-40,kqil25JEbhZu/lACVxxkQ3R6xzs=,6o8P5EcqE+EnKE4oqE/GF6ZfZUw=
-9,-40,kqil25JEbhZu/lACVxxkQ3R6xzs=,6o8P5EcqE+EnKE4oqE/GF6ZfZUw=
-10,-46,vdx26mgPg3WqqVG4kmzdY4CPxXk=,6o8P5EcqE+EnKE4oqE/GF6ZfZUw=
-4,-40,kqil25JEbhZu/lACVxxkQ3R6xzs=,6o8P5EcqE+EnKE4oqE/GF6ZfZUw=
-6,-48,kqil25JEbhZu/lACVxxkQ3R6xzs=,6o8P5EcqE+EnKE4oqE/GF6ZfZUw=
-5,-40,kqil25JEbhZu/lACVxxkQ3R6xzs=,6o8P5EcqE+EnKE4oqE/GF6ZfZUw=
-4,-36,kqil25JEbhZu/lACVxxkQ3R6xzs=,6o8P5EcqE+EnKE4oqE/GF6ZfZUw=
-8,-39,kqil25JEbhZu/lACVxxkQ3R6xzs=,6o8P5EcqE+EnKE4oqE/GF6ZfZUw=
-6,-39,kqil25JEbhZu/lACVxxkQ3R6xzs=,6o8P5EcqE+EnKE4oqE/GF6ZfZUw=
-10,-39,kqil25JEbhZu/lACVxxkQ3R6xzs=,6o8P5EcqE+EnKE4oqE/GF6ZfZUw=
-7,-39,kqil25JEbhZu/lACVxxkQ3R6xzs=,6o8P5EcqE+EnKE4oqE/GF6ZfZUw=
-6,-40,kqil25JEbhZu/lACVxxkQ3R6xzs=,6o8P5EcqE+EnKE4oqE/GF6ZfZUw=
-11,-39,kqil25JEbhZu/lACVxxkQ3R6xzs=,6o8P5EcqE+EnKE4oqE/GF6ZfZUw=
-4,-39,kqil25JEbhZu/lACVxxkQ3R6xzs=,6o8P5EcqE+EnKE4oqE/GF6ZfZUw=
-9,-39,kqil25JEbhZu/lACVxxkQ3R6xzs=,6o8P5EcqE+EnKE4oqE/GF6ZfZUw=
-7,-40,kqil25JEbhZu/lACVxxkQ3R6xzs=,6o8P5EcqE+EnKE4oqE/GF6ZfZUw=
-8,-40,kqil25JEbhZu/lACVxxkQ3R6xzs=,6o8P5EcqE+EnKE4oqE/GF6ZfZUw=
-29,-64,qEDfAycaVArvEKa/l5ivgIxn5OU=,0uYnLGncG/MPo/9udZXTJIEpLbQ=
-20,-61,qEDfAycaVArvEKa/l5ivgIxn5OU=,0uYnLGncG/MPo/9udZXTJIEpLbQ=
-19,-62,qEDfAycaVArvEKa/l5ivgIxn5OU=,0uYnLGncG/MPo/9udZXTJIEpLbQ=
-18,-62,qEDfAycaVArvEKa/l5ivgIxn5OU=,0uYnLGncG/MPo/9udZXTJIEpLbQ=
-28,-64,qEDfAycaVArvEKa/l5ivgIxn5OU=,0uYnLGncG/MPo/9udZXTJIEpLbQ=
-17,-49,qEDfAycaVArvEKa/l5ivgIxn5OU=,0uYnLGncG/MPo/9udZXTJIEpLbQ=
-17,-63,qEDfAycaVArvEKa/l5ivgIxn5OU=,0uYnLGncG/MPo/9udZXTJIEpLbQ=
-20,-62,qEDfAycaVArvEKa/l5ivgIxn5OU=,0uYnLGncG/MPo/9udZXTJIEpLbQ=
-19,-61,qEDfAycaVArvEKa/l5ivgIxn5OU=,0uYnLGncG/MPo/9udZXTJIEpLbQ=
-21,-62,qEDfAycaVArvEKa/l5ivgIxn5OU=,0uYnLGncG/MPo/9udZXTJIEpLbQ=
-22,-62,qEDfAycaVArvEKa/l5ivgIxn5OU=,0uYnLGncG/MPo/9udZXTJIEpLbQ=
-23,-62,qEDfAycaVArvEKa/l5ivgIxn5OU=,0uYnLGncG/MPo/9udZXTJIEpLbQ=
-17,-61,qEDfAycaVArvEKa/l5ivgIxn5OU=,0uYnLGncG/MPo/9udZXTJIEpLbQ=
-18,-61,qEDfAycaVArvEKa/l5ivgIxn5OU=,0uYnLGncG/MPo/9udZXTJIEpLbQ=
-27,-62,HEif+vdct3HOFBdaf+qJRv1LfUw=,0uYnLGncG/MPo/9udZXTJIEpLbQ=
-26,-62,qEDfAycaVArvEKa/l5ivgIxn5OU=,0uYnLGncG/MPo/9udZXTJIEpLbQ=
-25,-62,qEDfAycaVArvEKa/l5ivgIxn5OU=,0uYnLGncG/MPo/9udZXTJIEpLbQ=
-27,-64,qEDfAycaVArvEKa/l5ivgIxn5OU=,0uYnLGncG/MPo/9udZXTJIEpLbQ=
-21,-61,qEDfAycaVArvEKa/l5ivgIxn5OU=,0uYnLGncG/MPo/9udZXTJIEpLbQ=
-19,-49,qEDfAycaVArvEKa/l5ivgIxn5OU=,0uYnLGncG/MPo/9udZXTJIEpLbQ=
-32,-60,qEDfAycaVArvEKa/l5ivgIxn5OU=,0uYnLGncG/MPo/9udZXTJIEpLbQ=
-28,-62,qEDfAycaVArvEKa/l5ivgIxn5OU=,0uYnLGncG/MPo/9udZXTJIEpLbQ=
-18,-49,qEDfAycaVArvEKa/l5ivgIxn5OU=,0uYnLGncG/MPo/9udZXTJIEpLbQ=
-29,-62,qEDfAycaVArvEKa/l5ivgIxn5OU=,0uYnLGncG/MPo/9udZXTJIEpLbQ=
-20,-49,qEDfAycaVArvEKa/l5ivgIxn5OU=,0uYnLGncG/MPo/9udZXTJIEpLbQ=
-21,-49,qEDfAycaVArvEKa/l5ivgIxn5OU=,0uYnLGncG/MPo/9udZXTJIEpLbQ=
-23,-49,qEDfAycaVArvEKa/l5ivgIxn5OU=,0uYnLGncG/MPo/9udZXTJIEpLbQ=
-24,-49,qEDfAycaVArvEKa/l5ivgIxn5OU=,0uYnLGncG/MPo/9udZXTJIEpLbQ=
-28,-49,qEDfAycaVArvEKa/l5ivgIxn5OU=,0uYnLGncG/MPo/9udZXTJIEpLbQ=
-22,-49,qEDfAycaVArvEKa/l5ivgIxn5OU=,0uYnLGncG/MPo/9udZXTJIEpLbQ=
-24,-62,qEDfAycaVArvEKa/l5ivgIxn5OU=,0uYnLGncG/MPo/9udZXTJIEpLbQ=
-27,-49,qEDfAycaVArvEKa/l5ivgIxn5OU=,0uYnLGncG/MPo/9udZXTJIEpLbQ=
-29,-49,qEDfAycaVArvEKa/l5ivgIxn5OU=,0uYnLGncG/MPo/9udZXTJIEpLbQ=
-30,-49,qEDfAycaVArvEKa/l5ivgIxn5OU=,0uYnLGncG/MPo/9udZXTJIEpLbQ=
-31,-49,qEDfAycaVArvEKa/l5ivgIxn5OU=,0uYnLGncG/MPo/9udZXTJIEpLbQ=
-18,-63,qEDfAycaVArvEKa/l5ivgIxn5OU=,0uYnLGncG/MPo/9udZXTJIEpLbQ=
-32,-49,qEDfAycaVArvEKa/l5ivgIxn5OU=,0uYnLGncG/MPo/9udZXTJIEpLbQ=
-22,-61,qEDfAycaVArvEKa/l5ivgIxn5OU=,0uYnLGncG/MPo/9udZXTJIEpLbQ=
-18,-50,qEDfAycaVArvEKa/l5ivgIxn5OU=,0uYnLGncG/MPo/9udZXTJIEpLbQ=
-17,-50,qEDfAycaVArvEKa/l5ivgIxn5OU=,0uYnLGncG/MPo/9udZXTJIEpLbQ=
-21,-50,qEDfAycaVArvEKa/l5ivgIxn5OU=,0uYnLGncG/MPo/9udZXTJIEpLbQ=
-20,-50,qEDfAycaVArvEKa/l5ivgIxn5OU=,0uYnLGncG/MPo/9udZXTJIEpLbQ=
-23,-50,qEDfAycaVArvEKa/l5ivgIxn5OU=,0uYnLGncG/MPo/9udZXTJIEpLbQ=
-19,-50,qEDfAycaVArvEKa/l5ivgIxn5OU=,0uYnLGncG/MPo/9udZXTJIEpLbQ=
-22,-50,qEDfAycaVArvEKa/l5ivgIxn5OU=,0uYnLGncG/MPo/9udZXTJIEpLbQ=
-24,-50,qEDfAycaVArvEKa/l5ivgIxn5OU=,0uYnLGncG/MPo/9udZXTJIEpLbQ=
-25,-49,qEDfAycaVArvEKa/l5ivgIxn5OU=,0uYnLGncG/MPo/9udZXTJIEpLbQ=
-27,-50,qEDfAycaVArvEKa/l5ivgIxn5OU=,0uYnLGncG/MPo/9udZXTJIEpLbQ=
-29,-50,qEDfAycaVArvEKa/l5ivgIxn5OU=,0uYnLGncG/MPo/9udZXTJIEpLbQ=
-28,-50,qEDfAycaVArvEKa/l5ivgIxn5OU=,0uYnLGncG/MPo/9udZXTJIEpLbQ=
-30,-50,qEDfAycaVArvEKa/l5ivgIxn5OU=,0uYnLGncG/MPo/9udZXTJIEpLbQ=
-26,-49,qEDfAycaVArvEKa/l5ivgIxn5OU=,0uYnLGncG/MPo/9udZXTJIEpLbQ=
-25,-50,qEDfAycaVArvEKa/l5ivgIxn5OU=,0uYnLGncG/MPo/9udZXTJIEpLbQ=
-23,-61,rP4SywpvX5I2X7m6c5zqYuBb/78=,0uYnLGncG/MPo/9udZXTJIEpLbQ=
-32,-50,qEDfAycaVArvEKa/l5ivgIxn5OU=,0uYnLGncG/MPo/9udZXTJIEpLbQ=
-26,-50,qEDfAycaVArvEKa/l5ivgIxn5OU=,0uYnLGncG/MPo/9udZXTJIEpLbQ=
-31,-50,qEDfAycaVArvEKa/l5ivgIxn5OU=,0uYnLGncG/MPo/9udZXTJIEpLbQ=
-17,-51,qEDfAycaVArvEKa/l5ivgIxn5OU=,0uYnLGncG/MPo/9udZXTJIEpLbQ=
-18,-51,qEDfAycaVArvEKa/l5ivgIxn5OU=,0uYnLGncG/MPo/9udZXTJIEpLbQ=
-19,-51,qEDfAycaVArvEKa/l5ivgIxn5OU=,0uYnLGncG/MPo/9udZXTJIEpLbQ=
-20,-51,qEDfAycaVArvEKa/l5ivgIxn5OU=,0uYnLGncG/MPo/9udZXTJIEpLbQ=
-21,-51,qEDfAycaVArvEKa/l5ivgIxn5OU=,0uYnLGncG/MPo/9udZXTJIEpLbQ=
-22,-51,qEDfAycaVArvEKa/l5ivgIxn5OU=,0uYnLGncG/MPo/9udZXTJIEpLbQ=
-23,-51,qEDfAycaVArvEKa/l5ivgIxn5OU=,0uYnLGncG/MPo/9udZXTJIEpLbQ=
-24,-51,qEDfAycaVArvEKa/l5ivgIxn5OU=,0uYnLGncG/MPo/9udZXTJIEpLbQ=
-25,-51,qEDfAycaVArvEKa/l5ivgIxn5OU=,0uYnLGncG/MPo/9udZXTJIEpLbQ=
-32,-63,qEDfAycaVArvEKa/l5ivgIxn5OU=,0uYnLGncG/MPo/9udZXTJIEpLbQ=
-27,-51,qEDfAycaVArvEKa/l5ivgIxn5OU=,0uYnLGncG/MPo/9udZXTJIEpLbQ=
-29,-51,qEDfAycaVArvEKa/l5ivgIxn5OU=,0uYnLGncG/MPo/9udZXTJIEpLbQ=
-17,-64,qEDfAycaVArvEKa/l5ivgIxn5OU=,0uYnLGncG/MPo/9udZXTJIEpLbQ=
-24,-61,HEif+vdct3HOFBdaf+qJRv1LfUw=,0uYnLGncG/MPo/9udZXTJIEpLbQ=
-28,-51,qEDfAycaVArvEKa/l5ivgIxn5OU=,0uYnLGncG/MPo/9udZXTJIEpLbQ=
-30,-51,qEDfAycaVArvEKa/l5ivgIxn5OU=,0uYnLGncG/MPo/9udZXTJIEpLbQ=
-19,-63,qEDfAycaVArvEKa/l5ivgIxn5OU=,0uYnLGncG/MPo/9udZXTJIEpLbQ=
-31,-51,qEDfAycaVArvEKa/l5ivgIxn5OU=,0uYnLGncG/MPo/9udZXTJIEpLbQ=
-20,-63,qEDfAycaVArvEKa/l5ivgIxn5OU=,0uYnLGncG/MPo/9udZXTJIEpLbQ=
-17,-52,qEDfAycaVArvEKa/l5ivgIxn5OU=,0uYnLGncG/MPo/9udZXTJIEpLbQ=
-32,-51,qEDfAycaVArvEKa/l5ivgIxn5OU=,0uYnLGncG/MPo/9udZXTJIEpLbQ=
-18,-52,qEDfAycaVArvEKa/l5ivgIxn5OU=,0uYnLGncG/MPo/9udZXTJIEpLbQ=
-19,-52,qEDfAycaVArvEKa/l5ivgIxn5OU=,0uYnLGncG/MPo/9udZXTJIEpLbQ=
-20,-52,qEDfAycaVArvEKa/l5ivgIxn5OU=,0uYnLGncG/MPo/9udZXTJIEpLbQ=
-21,-52,qEDfAycaVArvEKa/l5ivgIxn5OU=,0uYnLGncG/MPo/9udZXTJIEpLbQ=
-22,-52,qEDfAycaVArvEKa/l5ivgIxn5OU=,0uYnLGncG/MPo/9udZXTJIEpLbQ=
-31,-64,qEDfAycaVArvEKa/l5ivgIxn5OU=,0uYnLGncG/MPo/9udZXTJIEpLbQ=
-23,-52,qEDfAycaVArvEKa/l5ivgIxn5OU=,0uYnLGncG/MPo/9udZXTJIEpLbQ=
-25,-52,qEDfAycaVArvEKa/l5ivgIxn5OU=,0uYnLGncG/MPo/9udZXTJIEpLbQ=
-30,-63,qEDfAycaVArvEKa/l5ivgIxn5OU=,0uYnLGncG/MPo/9udZXTJIEpLbQ=
-32,-62,qEDfAycaVArvEKa/l5ivgIxn5OU=,0uYnLGncG/MPo/9udZXTJIEpLbQ=
-27,-52,qEDfAycaVArvEKa/l5ivgIxn5OU=,0uYnLGncG/MPo/9udZXTJIEpLbQ=
-18,-64,qEDfAycaVArvEKa/l5ivgIxn5OU=,0uYnLGncG/MPo/9udZXTJIEpLbQ=
-25,-61,qEDfAycaVArvEKa/l5ivgIxn5OU=,0uYnLGncG/MPo/9udZXTJIEpLbQ=
-29,-52,qEDfAycaVArvEKa/l5ivgIxn5OU=,0uYnLGncG/MPo/9udZXTJIEpLbQ=
-30,-52,qEDfAycaVArvEKa/l5ivgIxn5OU=,0uYnLGncG/MPo/9udZXTJIEpLbQ=
-24,-52,qEDfAycaVArvEKa/l5ivgIxn5OU=,0uYnLGncG/MPo/9udZXTJIEpLbQ=
-31,-52,qEDfAycaVArvEKa/l5ivgIxn5OU=,0uYnLGncG/MPo/9udZXTJIEpLbQ=
-21,-63,qEDfAycaVArvEKa/l5ivgIxn5OU=,0uYnLGncG/MPo/9udZXTJIEpLbQ=
-32,-52,qEDfAycaVArvEKa/l5ivgIxn5OU=,0uYnLGncG/MPo/9udZXTJIEpLbQ=
-17,-53,qEDfAycaVArvEKa/l5ivgIxn5OU=,0uYnLGncG/MPo/9udZXTJIEpLbQ=
-18,-53,qEDfAycaVArvEKa/l5ivgIxn5OU=,0uYnLGncG/MPo/9udZXTJIEpLbQ=
-19,-53,qEDfAycaVArvEKa/l5ivgIxn5OU=,0uYnLGncG/MPo/9udZXTJIEpLbQ=
-20,-53,qEDfAycaVArvEKa/l5ivgIxn5OU=,0uYnLGncG/MPo/9udZXTJIEpLbQ=
-21,-53,qEDfAycaVArvEKa/l5ivgIxn5OU=,0uYnLGncG/MPo/9udZXTJIEpLbQ=
-22,-53,qEDfAycaVArvEKa/l5ivgIxn5OU=,0uYnLGncG/MPo/9udZXTJIEpLbQ=
-23,-53,qEDfAycaVArvEKa/l5ivgIxn5OU=,0uYnLGncG/MPo/9udZXTJIEpLbQ=
-25,-53,qEDfAycaVArvEKa/l5ivgIxn5OU=,0uYnLGncG/MPo/9udZXTJIEpLbQ=
-24,-53,qEDfAycaVArvEKa/l5ivgIxn5OU=,0uYnLGncG/MPo/9udZXTJIEpLbQ=
-30,-62,qEDfAycaVArvEKa/l5ivgIxn5OU=,0uYnLGncG/MPo/9udZXTJIEpLbQ=
-19,-64,qEDfAycaVArvEKa/l5ivgIxn5OU=,0uYnLGncG/MPo/9udZXTJIEpLbQ=
-26,-61,qEDfAycaVArvEKa/l5ivgIxn5OU=,0uYnLGncG/MPo/9udZXTJIEpLbQ=
-29,-53,qEDfAycaVArvEKa/l5ivgIxn5OU=,0uYnLGncG/MPo/9udZXTJIEpLbQ=
-31,-63,qEDfAycaVArvEKa/l5ivgIxn5OU=,0uYnLGncG/MPo/9udZXTJIEpLbQ=
-30,-53,qEDfAycaVArvEKa/l5ivgIxn5OU=,0uYnLGncG/MPo/9udZXTJIEpLbQ=
-31,-53,qEDfAycaVArvEKa/l5ivgIxn5OU=,0uYnLGncG/MPo/9udZXTJIEpLbQ=
-32,-53,qEDfAycaVArvEKa/l5ivgIxn5OU=,0uYnLGncG/MPo/9udZXTJIEpLbQ=
-22,-63,qEDfAycaVArvEKa/l5ivgIxn5OU=,0uYnLGncG/MPo/9udZXTJIEpLbQ=
-17,-54,qEDfAycaVArvEKa/l5ivgIxn5OU=,0uYnLGncG/MPo/9udZXTJIEpLbQ=
-18,-54,qEDfAycaVArvEKa/l5ivgIxn5OU=,0uYnLGncG/MPo/9udZXTJIEpLbQ=
-19,-54,qEDfAycaVArvEKa/l5ivgIxn5OU=,0uYnLGncG/MPo/9udZXTJIEpLbQ=
-20,-54,qEDfAycaVArvEKa/l5ivgIxn5OU=,0uYnLGncG/MPo/9udZXTJIEpLbQ=
-22,-54,qEDfAycaVArvEKa/l5ivgIxn5OU=,0uYnLGncG/MPo/9udZXTJIEpLbQ=
-21,-54,qEDfAycaVArvEKa/l5ivgIxn5OU=,0uYnLGncG/MPo/9udZXTJIEpLbQ=
-23,-54,qEDfAycaVArvEKa/l5ivgIxn5OU=,0uYnLGncG/MPo/9udZXTJIEpLbQ=
-24,-54,qEDfAycaVArvEKa/l5ivgIxn5OU=,0uYnLGncG/MPo/9udZXTJIEpLbQ=
-25,-54,qEDfAycaVArvEKa/l5ivgIxn5OU=,0uYnLGncG/MPo/9udZXTJIEpLbQ=
-20,-64,qEDfAycaVArvEKa/l5ivgIxn5OU=,0uYnLGncG/MPo/9udZXTJIEpLbQ=
-26,-54,qEDfAycaVArvEKa/l5ivgIxn5OU=,0uYnLGncG/MPo/9udZXTJIEpLbQ=
-27,-61,qEDfAycaVArvEKa/l5ivgIxn5OU=,0uYnLGncG/MPo/9udZXTJIEpLbQ=
-31,-60,qEDfAycaVArvEKa/l5ivgIxn5OU=,0uYnLGncG/MPo/9udZXTJIEpLbQ=
-32,-64,qEDfAycaVArvEKa/l5ivgIxn5OU=,0uYnLGncG/MPo/9udZXTJIEpLbQ=
-30,-60,qEDfAycaVArvEKa/l5ivgIxn5OU=,0uYnLGncG/MPo/9udZXTJIEpLbQ=
-29,-60,qEDfAycaVArvEKa/l5ivgIxn5OU=,0uYnLGncG/MPo/9udZXTJIEpLbQ=
-28,-60,qEDfAycaVArvEKa/l5ivgIxn5OU=,0uYnLGncG/MPo/9udZXTJIEpLbQ=
-28,-52,qEDfAycaVArvEKa/l5ivgIxn5OU=,0uYnLGncG/MPo/9udZXTJIEpLbQ=
-26,-60,qEDfAycaVArvEKa/l5ivgIxn5OU=,0uYnLGncG/MPo/9udZXTJIEpLbQ=
-25,-60,qEDfAycaVArvEKa/l5ivgIxn5OU=,0uYnLGncG/MPo/9udZXTJIEpLbQ=
-23,-60,qEDfAycaVArvEKa/l5ivgIxn5OU=,0uYnLGncG/MPo/9udZXTJIEpLbQ=
-22,-60,qEDfAycaVArvEKa/l5ivgIxn5OU=,0uYnLGncG/MPo/9udZXTJIEpLbQ=
-17,-62,qEDfAycaVArvEKa/l5ivgIxn5OU=,0uYnLGncG/MPo/9udZXTJIEpLbQ=
-24,-60,qEDfAycaVArvEKa/l5ivgIxn5OU=,0uYnLGncG/MPo/9udZXTJIEpLbQ=
-21,-60,qEDfAycaVArvEKa/l5ivgIxn5OU=,0uYnLGncG/MPo/9udZXTJIEpLbQ=
-26,-64,qEDfAycaVArvEKa/l5ivgIxn5OU=,0uYnLGncG/MPo/9udZXTJIEpLbQ=
-27,-60,qEDfAycaVArvEKa/l5ivgIxn5OU=,0uYnLGncG/MPo/9udZXTJIEpLbQ=
-19,-60,qEDfAycaVArvEKa/l5ivgIxn5OU=,0uYnLGncG/MPo/9udZXTJIEpLbQ=
-20,-60,qEDfAycaVArvEKa/l5ivgIxn5OU=,0uYnLGncG/MPo/9udZXTJIEpLbQ=
-17,-60,qEDfAycaVArvEKa/l5ivgIxn5OU=,0uYnLGncG/MPo/9udZXTJIEpLbQ=
-18,-60,qEDfAycaVArvEKa/l5ivgIxn5OU=,0uYnLGncG/MPo/9udZXTJIEpLbQ=
-29,-63,qEDfAycaVArvEKa/l5ivgIxn5OU=,0uYnLGncG/MPo/9udZXTJIEpLbQ=
-32,-59,qEDfAycaVArvEKa/l5ivgIxn5OU=,0uYnLGncG/MPo/9udZXTJIEpLbQ=
-31,-59,qEDfAycaVArvEKa/l5ivgIxn5OU=,0uYnLGncG/MPo/9udZXTJIEpLbQ=
-27,-53,qEDfAycaVArvEKa/l5ivgIxn5OU=,0uYnLGncG/MPo/9udZXTJIEpLbQ=
-31,-62,qEDfAycaVArvEKa/l5ivgIxn5OU=,0uYnLGncG/MPo/9udZXTJIEpLbQ=
-30,-54,qEDfAycaVArvEKa/l5ivgIxn5OU=,0uYnLGncG/MPo/9udZXTJIEpLbQ=
-31,-54,qEDfAycaVArvEKa/l5ivgIxn5OU=,0uYnLGncG/MPo/9udZXTJIEpLbQ=
-32,-54,qEDfAycaVArvEKa/l5ivgIxn5OU=,0uYnLGncG/MPo/9udZXTJIEpLbQ=
-23,-63,qEDfAycaVArvEKa/l5ivgIxn5OU=,0uYnLGncG/MPo/9udZXTJIEpLbQ=
-18,-55,qEDfAycaVArvEKa/l5ivgIxn5OU=,0uYnLGncG/MPo/9udZXTJIEpLbQ=
-17,-55,qEDfAycaVArvEKa/l5ivgIxn5OU=,0uYnLGncG/MPo/9udZXTJIEpLbQ=
-19,-55,qEDfAycaVArvEKa/l5ivgIxn5OU=,0uYnLGncG/MPo/9udZXTJIEpLbQ=
-20,-55,qEDfAycaVArvEKa/l5ivgIxn5OU=,0uYnLGncG/MPo/9udZXTJIEpLbQ=
-21,-55,qEDfAycaVArvEKa/l5ivgIxn5OU=,0uYnLGncG/MPo/9udZXTJIEpLbQ=
-22,-55,qEDfAycaVArvEKa/l5ivgIxn5OU=,0uYnLGncG/MPo/9udZXTJIEpLbQ=
-23,-55,qEDfAycaVArvEKa/l5ivgIxn5OU=,0uYnLGncG/MPo/9udZXTJIEpLbQ=
-24,-55,qEDfAycaVArvEKa/l5ivgIxn5OU=,0uYnLGncG/MPo/9udZXTJIEpLbQ=
-25,-55,qEDfAycaVArvEKa/l5ivgIxn5OU=,0uYnLGncG/MPo/9udZXTJIEpLbQ=
-21,-64,qEDfAycaVArvEKa/l5ivgIxn5OU=,0uYnLGncG/MPo/9udZXTJIEpLbQ=
-28,-61,qEDfAycaVArvEKa/l5ivgIxn5OU=,0uYnLGncG/MPo/9udZXTJIEpLbQ=
-26,-51,qEDfAycaVArvEKa/l5ivgIxn5OU=,0uYnLGncG/MPo/9udZXTJIEpLbQ=
-26,-55,qEDfAycaVArvEKa/l5ivgIxn5OU=,0uYnLGncG/MPo/9udZXTJIEpLbQ=
-29,-54,qEDfAycaVArvEKa/l5ivgIxn5OU=,0uYnLGncG/MPo/9udZXTJIEpLbQ=
-30,-55,qEDfAycaVArvEKa/l5ivgIxn5OU=,0uYnLGncG/MPo/9udZXTJIEpLbQ=
-30,-64,qEDfAycaVArvEKa/l5ivgIxn5OU=,0uYnLGncG/MPo/9udZXTJIEpLbQ=
-31,-55,qEDfAycaVArvEKa/l5ivgIxn5OU=,0uYnLGncG/MPo/9udZXTJIEpLbQ=
-32,-55,qEDfAycaVArvEKa/l5ivgIxn5OU=,0uYnLGncG/MPo/9udZXTJIEpLbQ=
-24,-63,qEDfAycaVArvEKa/l5ivgIxn5OU=,0uYnLGncG/MPo/9udZXTJIEpLbQ=
-17,-56,qEDfAycaVArvEKa/l5ivgIxn5OU=,0uYnLGncG/MPo/9udZXTJIEpLbQ=
-18,-56,qEDfAycaVArvEKa/l5ivgIxn5OU=,0uYnLGncG/MPo/9udZXTJIEpLbQ=
-20,-56,qEDfAycaVArvEKa/l5ivgIxn5OU=,0uYnLGncG/MPo/9udZXTJIEpLbQ=
-19,-56,qEDfAycaVArvEKa/l5ivgIxn5OU=,0uYnLGncG/MPo/9udZXTJIEpLbQ=
-21,-56,qEDfAycaVArvEKa/l5ivgIxn5OU=,0uYnLGncG/MPo/9udZXTJIEpLbQ=
-22,-56,qEDfAycaVArvEKa/l5ivgIxn5OU=,0uYnLGncG/MPo/9udZXTJIEpLbQ=
-23,-56,qEDfAycaVArvEKa/l5ivgIxn5OU=,0uYnLGncG/MPo/9udZXTJIEpLbQ=
-24,-56,qEDfAycaVArvEKa/l5ivgIxn5OU=,0uYnLGncG/MPo/9udZXTJIEpLbQ=
-22,-64,qEDfAycaVArvEKa/l5ivgIxn5OU=,0uYnLGncG/MPo/9udZXTJIEpLbQ=
-29,-61,qEDfAycaVArvEKa/l5ivgIxn5OU=,0uYnLGncG/MPo/9udZXTJIEpLbQ=
-26,-56,qEDfAycaVArvEKa/l5ivgIxn5OU=,0uYnLGncG/MPo/9udZXTJIEpLbQ=
-25,-56,qEDfAycaVArvEKa/l5ivgIxn5OU=,0uYnLGncG/MPo/9udZXTJIEpLbQ=
-27,-56,qEDfAycaVArvEKa/l5ivgIxn5OU=,0uYnLGncG/MPo/9udZXTJIEpLbQ=
-26,-52,qEDfAycaVArvEKa/l5ivgIxn5OU=,0uYnLGncG/MPo/9udZXTJIEpLbQ=
-29,-56,qEDfAycaVArvEKa/l5ivgIxn5OU=,0uYnLGncG/MPo/9udZXTJIEpLbQ=
-30,-56,qEDfAycaVArvEKa/l5ivgIxn5OU=,0uYnLGncG/MPo/9udZXTJIEpLbQ=
-31,-56,qEDfAycaVArvEKa/l5ivgIxn5OU=,0uYnLGncG/MPo/9udZXTJIEpLbQ=
-25,-63,qEDfAycaVArvEKa/l5ivgIxn5OU=,0uYnLGncG/MPo/9udZXTJIEpLbQ=
-32,-56,qEDfAycaVArvEKa/l5ivgIxn5OU=,0uYnLGncG/MPo/9udZXTJIEpLbQ=
-17,-57,qEDfAycaVArvEKa/l5ivgIxn5OU=,0uYnLGncG/MPo/9udZXTJIEpLbQ=
-18,-57,qEDfAycaVArvEKa/l5ivgIxn5OU=,0uYnLGncG/MPo/9udZXTJIEpLbQ=
-20,-57,qEDfAycaVArvEKa/l5ivgIxn5OU=,0uYnLGncG/MPo/9udZXTJIEpLbQ=
-19,-57,qEDfAycaVArvEKa/l5ivgIxn5OU=,0uYnLGncG/MPo/9udZXTJIEpLbQ=
-21,-57,qEDfAycaVArvEKa/l5ivgIxn5OU=,0uYnLGncG/MPo/9udZXTJIEpLbQ=
-22,-57,qEDfAycaVArvEKa/l5ivgIxn5OU=,0uYnLGncG/MPo/9udZXTJIEpLbQ=
-23,-57,qEDfAycaVArvEKa/l5ivgIxn5OU=,0uYnLGncG/MPo/9udZXTJIEpLbQ=
-23,-64,qEDfAycaVArvEKa/l5ivgIxn5OU=,0uYnLGncG/MPo/9udZXTJIEpLbQ=
-30,-61,qEDfAycaVArvEKa/l5ivgIxn5OU=,0uYnLGncG/MPo/9udZXTJIEpLbQ=
-24,-57,qEDfAycaVArvEKa/l5ivgIxn5OU=,0uYnLGncG/MPo/9udZXTJIEpLbQ=
-25,-57,qEDfAycaVArvEKa/l5ivgIxn5OU=,0uYnLGncG/MPo/9udZXTJIEpLbQ=
-26,-57,qEDfAycaVArvEKa/l5ivgIxn5OU=,0uYnLGncG/MPo/9udZXTJIEpLbQ=
-28,-57,qEDfAycaVArvEKa/l5ivgIxn5OU=,0uYnLGncG/MPo/9udZXTJIEpLbQ=
-27,-57,qEDfAycaVArvEKa/l5ivgIxn5OU=,0uYnLGncG/MPo/9udZXTJIEpLbQ=
-29,-57,qEDfAycaVArvEKa/l5ivgIxn5OU=,0uYnLGncG/MPo/9udZXTJIEpLbQ=
-30,-57,qEDfAycaVArvEKa/l5ivgIxn5OU=,0uYnLGncG/MPo/9udZXTJIEpLbQ=
-31,-57,qEDfAycaVArvEKa/l5ivgIxn5OU=,0uYnLGncG/MPo/9udZXTJIEpLbQ=
-26,-63,qEDfAycaVArvEKa/l5ivgIxn5OU=,0uYnLGncG/MPo/9udZXTJIEpLbQ=
-28,-53,qEDfAycaVArvEKa/l5ivgIxn5OU=,0uYnLGncG/MPo/9udZXTJIEpLbQ=
-17,-58,qEDfAycaVArvEKa/l5ivgIxn5OU=,0uYnLGncG/MPo/9udZXTJIEpLbQ=
-32,-57,qEDfAycaVArvEKa/l5ivgIxn5OU=,0uYnLGncG/MPo/9udZXTJIEpLbQ=
-18,-58,qEDfAycaVArvEKa/l5ivgIxn5OU=,0uYnLGncG/MPo/9udZXTJIEpLbQ=
-19,-58,qEDfAycaVArvEKa/l5ivgIxn5OU=,0uYnLGncG/MPo/9udZXTJIEpLbQ=
-20,-58,qEDfAycaVArvEKa/l5ivgIxn5OU=,0uYnLGncG/MPo/9udZXTJIEpLbQ=
-21,-58,qEDfAycaVArvEKa/l5ivgIxn5OU=,0uYnLGncG/MPo/9udZXTJIEpLbQ=
-22,-58,qEDfAycaVArvEKa/l5ivgIxn5OU=,0uYnLGncG/MPo/9udZXTJIEpLbQ=
-24,-64,qEDfAycaVArvEKa/l5ivgIxn5OU=,0uYnLGncG/MPo/9udZXTJIEpLbQ=
-23,-58,qEDfAycaVArvEKa/l5ivgIxn5OU=,0uYnLGncG/MPo/9udZXTJIEpLbQ=
-24,-58,qEDfAycaVArvEKa/l5ivgIxn5OU=,0uYnLGncG/MPo/9udZXTJIEpLbQ=
-31,-61,qEDfAycaVArvEKa/l5ivgIxn5OU=,0uYnLGncG/MPo/9udZXTJIEpLbQ=
-25,-58,qEDfAycaVArvEKa/l5ivgIxn5OU=,0uYnLGncG/MPo/9udZXTJIEpLbQ=
-26,-58,qEDfAycaVArvEKa/l5ivgIxn5OU=,0uYnLGncG/MPo/9udZXTJIEpLbQ=
-28,-58,qEDfAycaVArvEKa/l5ivgIxn5OU=,0uYnLGncG/MPo/9udZXTJIEpLbQ=
-27,-58,qEDfAycaVArvEKa/l5ivgIxn5OU=,0uYnLGncG/MPo/9udZXTJIEpLbQ=
-29,-58,qEDfAycaVArvEKa/l5ivgIxn5OU=,0uYnLGncG/MPo/9udZXTJIEpLbQ=
-30,-58,qEDfAycaVArvEKa/l5ivgIxn5OU=,0uYnLGncG/MPo/9udZXTJIEpLbQ=
-31,-58,qEDfAycaVArvEKa/l5ivgIxn5OU=,0uYnLGncG/MPo/9udZXTJIEpLbQ=
-27,-63,qEDfAycaVArvEKa/l5ivgIxn5OU=,0uYnLGncG/MPo/9udZXTJIEpLbQ=
-18,-59,qEDfAycaVArvEKa/l5ivgIxn5OU=,0uYnLGncG/MPo/9udZXTJIEpLbQ=
-17,-59,qEDfAycaVArvEKa/l5ivgIxn5OU=,0uYnLGncG/MPo/9udZXTJIEpLbQ=
-19,-59,qEDfAycaVArvEKa/l5ivgIxn5OU=,0uYnLGncG/MPo/9udZXTJIEpLbQ=
-20,-59,qEDfAycaVArvEKa/l5ivgIxn5OU=,0uYnLGncG/MPo/9udZXTJIEpLbQ=
-25,-64,qEDfAycaVArvEKa/l5ivgIxn5OU=,0uYnLGncG/MPo/9udZXTJIEpLbQ=
-21,-59,qEDfAycaVArvEKa/l5ivgIxn5OU=,0uYnLGncG/MPo/9udZXTJIEpLbQ=
-28,-63,qEDfAycaVArvEKa/l5ivgIxn5OU=,0uYnLGncG/MPo/9udZXTJIEpLbQ=
-32,-61,qEDfAycaVArvEKa/l5ivgIxn5OU=,0uYnLGncG/MPo/9udZXTJIEpLbQ=
-22,-59,qEDfAycaVArvEKa/l5ivgIxn5OU=,0uYnLGncG/MPo/9udZXTJIEpLbQ=
-23,-59,qEDfAycaVArvEKa/l5ivgIxn5OU=,0uYnLGncG/MPo/9udZXTJIEpLbQ=
-24,-59,qEDfAycaVArvEKa/l5ivgIxn5OU=,0uYnLGncG/MPo/9udZXTJIEpLbQ=
-25,-59,qEDfAycaVArvEKa/l5ivgIxn5OU=,0uYnLGncG/MPo/9udZXTJIEpLbQ=
-26,-59,qEDfAycaVArvEKa/l5ivgIxn5OU=,0uYnLGncG/MPo/9udZXTJIEpLbQ=
-27,-59,qEDfAycaVArvEKa/l5ivgIxn5OU=,0uYnLGncG/MPo/9udZXTJIEpLbQ=
-28,-59,qEDfAycaVArvEKa/l5ivgIxn5OU=,0uYnLGncG/MPo/9udZXTJIEpLbQ=
-29,-59,qEDfAycaVArvEKa/l5ivgIxn5OU=,0uYnLGncG/MPo/9udZXTJIEpLbQ=
-30,-59,qEDfAycaVArvEKa/l5ivgIxn5OU=,0uYnLGncG/MPo/9udZXTJIEpLbQ=
-28,-56,qEDfAycaVArvEKa/l5ivgIxn5OU=,0uYnLGncG/MPo/9udZXTJIEpLbQ=
-29,-55,qEDfAycaVArvEKa/l5ivgIxn5OU=,0uYnLGncG/MPo/9udZXTJIEpLbQ=
-32,-58,qEDfAycaVArvEKa/l5ivgIxn5OU=,0uYnLGncG/MPo/9udZXTJIEpLbQ=
-27,-54,qEDfAycaVArvEKa/l5ivgIxn5OU=,0uYnLGncG/MPo/9udZXTJIEpLbQ=
-27,-55,qEDfAycaVArvEKa/l5ivgIxn5OU=,0uYnLGncG/MPo/9udZXTJIEpLbQ=
-26,-53,qEDfAycaVArvEKa/l5ivgIxn5OU=,0uYnLGncG/MPo/9udZXTJIEpLbQ=
-28,-55,qEDfAycaVArvEKa/l5ivgIxn5OU=,0uYnLGncG/MPo/9udZXTJIEpLbQ=
-28,-54,qEDfAycaVArvEKa/l5ivgIxn5OU=,0uYnLGncG/MPo/9udZXTJIEpLbQ=
-29,-48,SWhmAI7YS6tm3GIINTYqFTCjj/A=,P6VxbxyRN/37j0TmpOCRyjxySvI=
-19,-46,SWhmAI7YS6tm3GIINTYqFTCjj/A=,P6VxbxyRN/37j0TmpOCRyjxySvI=
-17,-33,SWhmAI7YS6tm3GIINTYqFTCjj/A=,P6VxbxyRN/37j0TmpOCRyjxySvI=
-20,-45,SWhmAI7YS6tm3GIINTYqFTCjj/A=,P6VxbxyRN/37j0TmpOCRyjxySvI=
-21,-46,SWhmAI7YS6tm3GIINTYqFTCjj/A=,P6VxbxyRN/37j0TmpOCRyjxySvI=
-20,-46,SWhmAI7YS6tm3GIINTYqFTCjj/A=,P6VxbxyRN/37j0TmpOCRyjxySvI=
-17,-47,SWhmAI7YS6tm3GIINTYqFTCjj/A=,P6VxbxyRN/37j0TmpOCRyjxySvI=
-23,-46,SWhmAI7YS6tm3GIINTYqFTCjj/A=,P6VxbxyRN/37j0TmpOCRyjxySvI=
-18,-46,SWhmAI7YS6tm3GIINTYqFTCjj/A=,P6VxbxyRN/37j0TmpOCRyjxySvI=
-28,-48,SWhmAI7YS6tm3GIINTYqFTCjj/A=,P6VxbxyRN/37j0TmpOCRyjxySvI=
-19,-45,SWhmAI7YS6tm3GIINTYqFTCjj/A=,P6VxbxyRN/37j0TmpOCRyjxySvI=
-24,-46,SWhmAI7YS6tm3GIINTYqFTCjj/A=,P6VxbxyRN/37j0TmpOCRyjxySvI=
-18,-45,SWhmAI7YS6tm3GIINTYqFTCjj/A=,P6VxbxyRN/37j0TmpOCRyjxySvI=
-25,-46,SWhmAI7YS6tm3GIINTYqFTCjj/A=,P6VxbxyRN/37j0TmpOCRyjxySvI=
-27,-48,SWhmAI7YS6tm3GIINTYqFTCjj/A=,P6VxbxyRN/37j0TmpOCRyjxySvI=
-26,-46,SWhmAI7YS6tm3GIINTYqFTCjj/A=,P6VxbxyRN/37j0TmpOCRyjxySvI=
-27,-46,SWhmAI7YS6tm3GIINTYqFTCjj/A=,P6VxbxyRN/37j0TmpOCRyjxySvI=
-29,-46,SWhmAI7YS6tm3GIINTYqFTCjj/A=,P6VxbxyRN/37j0TmpOCRyjxySvI=
-30,-47,SWhmAI7YS6tm3GIINTYqFTCjj/A=,P6VxbxyRN/37j0TmpOCRyjxySvI=
-17,-45,SWhmAI7YS6tm3GIINTYqFTCjj/A=,P6VxbxyRN/37j0TmpOCRyjxySvI=
-18,-33,SWhmAI7YS6tm3GIINTYqFTCjj/A=,P6VxbxyRN/37j0TmpOCRyjxySvI=
-28,-46,SWhmAI7YS6tm3GIINTYqFTCjj/A=,P6VxbxyRN/37j0TmpOCRyjxySvI=
-30,-46,SWhmAI7YS6tm3GIINTYqFTCjj/A=,P6VxbxyRN/37j0TmpOCRyjxySvI=
-32,-44,SWhmAI7YS6tm3GIINTYqFTCjj/A=,P6VxbxyRN/37j0TmpOCRyjxySvI=
-31,-44,SWhmAI7YS6tm3GIINTYqFTCjj/A=,P6VxbxyRN/37j0TmpOCRyjxySvI=
-31,-46,SWhmAI7YS6tm3GIINTYqFTCjj/A=,P6VxbxyRN/37j0TmpOCRyjxySvI=
-32,-48,SWhmAI7YS6tm3GIINTYqFTCjj/A=,P6VxbxyRN/37j0TmpOCRyjxySvI=
-30,-44,SWhmAI7YS6tm3GIINTYqFTCjj/A=,P6VxbxyRN/37j0TmpOCRyjxySvI=
-29,-44,SWhmAI7YS6tm3GIINTYqFTCjj/A=,P6VxbxyRN/37j0TmpOCRyjxySvI=
-19,-33,SWhmAI7YS6tm3GIINTYqFTCjj/A=,P6VxbxyRN/37j0TmpOCRyjxySvI=
-28,-44,SWhmAI7YS6tm3GIINTYqFTCjj/A=,P6VxbxyRN/37j0TmpOCRyjxySvI=
-20,-33,SWhmAI7YS6tm3GIINTYqFTCjj/A=,P6VxbxyRN/37j0TmpOCRyjxySvI=
-32,-46,SWhmAI7YS6tm3GIINTYqFTCjj/A=,P6VxbxyRN/37j0TmpOCRyjxySvI=
-27,-44,SWhmAI7YS6tm3GIINTYqFTCjj/A=,P6VxbxyRN/37j0TmpOCRyjxySvI=
-21,-33,SWhmAI7YS6tm3GIINTYqFTCjj/A=,P6VxbxyRN/37j0TmpOCRyjxySvI=
-22,-33,SWhmAI7YS6tm3GIINTYqFTCjj/A=,P6VxbxyRN/37j0TmpOCRyjxySvI=
-26,-44,SWhmAI7YS6tm3GIINTYqFTCjj/A=,P6VxbxyRN/37j0TmpOCRyjxySvI=
-25,-44,SWhmAI7YS6tm3GIINTYqFTCjj/A=,P6VxbxyRN/37j0TmpOCRyjxySvI=
-23,-33,SWhmAI7YS6tm3GIINTYqFTCjj/A=,P6VxbxyRN/37j0TmpOCRyjxySvI=
-24,-44,SWhmAI7YS6tm3GIINTYqFTCjj/A=,P6VxbxyRN/37j0TmpOCRyjxySvI=
-24,-33,SWhmAI7YS6tm3GIINTYqFTCjj/A=,P6VxbxyRN/37j0TmpOCRyjxySvI=
-26,-33,SWhmAI7YS6tm3GIINTYqFTCjj/A=,P6VxbxyRN/37j0TmpOCRyjxySvI=
-23,-44,SWhmAI7YS6tm3GIINTYqFTCjj/A=,P6VxbxyRN/37j0TmpOCRyjxySvI=
-25,-33,SWhmAI7YS6tm3GIINTYqFTCjj/A=,P6VxbxyRN/37j0TmpOCRyjxySvI=
-28,-33,SWhmAI7YS6tm3GIINTYqFTCjj/A=,P6VxbxyRN/37j0TmpOCRyjxySvI=
-27,-33,SWhmAI7YS6tm3GIINTYqFTCjj/A=,P6VxbxyRN/37j0TmpOCRyjxySvI=
-29,-33,SWhmAI7YS6tm3GIINTYqFTCjj/A=,P6VxbxyRN/37j0TmpOCRyjxySvI=
-30,-48,SWhmAI7YS6tm3GIINTYqFTCjj/A=,P6VxbxyRN/37j0TmpOCRyjxySvI=
-30,-33,SWhmAI7YS6tm3GIINTYqFTCjj/A=,P6VxbxyRN/37j0TmpOCRyjxySvI=
-22,-45,RDDMrkZJuK/H4KRAg3JmS9I25gs=,P6VxbxyRN/37j0TmpOCRyjxySvI=
-31,-33,SWhmAI7YS6tm3GIINTYqFTCjj/A=,P6VxbxyRN/37j0TmpOCRyjxySvI=
-18,-47,SWhmAI7YS6tm3GIINTYqFTCjj/A=,P6VxbxyRN/37j0TmpOCRyjxySvI=
-17,-34,SWhmAI7YS6tm3GIINTYqFTCjj/A=,P6VxbxyRN/37j0TmpOCRyjxySvI=
-32,-33,SWhmAI7YS6tm3GIINTYqFTCjj/A=,P6VxbxyRN/37j0TmpOCRyjxySvI=
-18,-34,SWhmAI7YS6tm3GIINTYqFTCjj/A=,P6VxbxyRN/37j0TmpOCRyjxySvI=
-20,-34,SWhmAI7YS6tm3GIINTYqFTCjj/A=,P6VxbxyRN/37j0TmpOCRyjxySvI=
-21,-34,SWhmAI7YS6tm3GIINTYqFTCjj/A=,P6VxbxyRN/37j0TmpOCRyjxySvI=
-23,-34,SWhmAI7YS6tm3GIINTYqFTCjj/A=,P6VxbxyRN/37j0TmpOCRyjxySvI=
-24,-34,SWhmAI7YS6tm3GIINTYqFTCjj/A=,P6VxbxyRN/37j0TmpOCRyjxySvI=
-22,-34,SWhmAI7YS6tm3GIINTYqFTCjj/A=,P6VxbxyRN/37j0TmpOCRyjxySvI=
-26,-34,SWhmAI7YS6tm3GIINTYqFTCjj/A=,P6VxbxyRN/37j0TmpOCRyjxySvI=
-25,-34,SWhmAI7YS6tm3GIINTYqFTCjj/A=,P6VxbxyRN/37j0TmpOCRyjxySvI=
-28,-34,SWhmAI7YS6tm3GIINTYqFTCjj/A=,P6VxbxyRN/37j0TmpOCRyjxySvI=
-27,-34,SWhmAI7YS6tm3GIINTYqFTCjj/A=,P6VxbxyRN/37j0TmpOCRyjxySvI=
-29,-34,SWhmAI7YS6tm3GIINTYqFTCjj/A=,P6VxbxyRN/37j0TmpOCRyjxySvI=
-19,-34,SWhmAI7YS6tm3GIINTYqFTCjj/A=,P6VxbxyRN/37j0TmpOCRyjxySvI=
-30,-34,SWhmAI7YS6tm3GIINTYqFTCjj/A=,P6VxbxyRN/37j0TmpOCRyjxySvI=
-32,-47,SWhmAI7YS6tm3GIINTYqFTCjj/A=,P6VxbxyRN/37j0TmpOCRyjxySvI=
-31,-47,SWhmAI7YS6tm3GIINTYqFTCjj/A=,P6VxbxyRN/37j0TmpOCRyjxySvI=
-23,-45,SWhmAI7YS6tm3GIINTYqFTCjj/A=,P6VxbxyRN/37j0TmpOCRyjxySvI=
-31,-48,SWhmAI7YS6tm3GIINTYqFTCjj/A=,P6VxbxyRN/37j0TmpOCRyjxySvI=
-31,-34,SWhmAI7YS6tm3GIINTYqFTCjj/A=,P6VxbxyRN/37j0TmpOCRyjxySvI=
-32,-34,SWhmAI7YS6tm3GIINTYqFTCjj/A=,P6VxbxyRN/37j0TmpOCRyjxySvI=
-17,-35,SWhmAI7YS6tm3GIINTYqFTCjj/A=,P6VxbxyRN/37j0TmpOCRyjxySvI=
-18,-35,SWhmAI7YS6tm3GIINTYqFTCjj/A=,P6VxbxyRN/37j0TmpOCRyjxySvI=
-19,-35,SWhmAI7YS6tm3GIINTYqFTCjj/A=,P6VxbxyRN/37j0TmpOCRyjxySvI=
-20,-35,SWhmAI7YS6tm3GIINTYqFTCjj/A=,P6VxbxyRN/37j0TmpOCRyjxySvI=
-21,-35,SWhmAI7YS6tm3GIINTYqFTCjj/A=,P6VxbxyRN/37j0TmpOCRyjxySvI=
-23,-35,SWhmAI7YS6tm3GIINTYqFTCjj/A=,P6VxbxyRN/37j0TmpOCRyjxySvI=
-22,-35,SWhmAI7YS6tm3GIINTYqFTCjj/A=,P6VxbxyRN/37j0TmpOCRyjxySvI=
-24,-35,SWhmAI7YS6tm3GIINTYqFTCjj/A=,P6VxbxyRN/37j0TmpOCRyjxySvI=
-26,-35,SWhmAI7YS6tm3GIINTYqFTCjj/A=,P6VxbxyRN/37j0TmpOCRyjxySvI=
-27,-35,SWhmAI7YS6tm3GIINTYqFTCjj/A=,P6VxbxyRN/37j0TmpOCRyjxySvI=
-25,-35,SWhmAI7YS6tm3GIINTYqFTCjj/A=,P6VxbxyRN/37j0TmpOCRyjxySvI=
-29,-35,SWhmAI7YS6tm3GIINTYqFTCjj/A=,P6VxbxyRN/37j0TmpOCRyjxySvI=
-28,-35,SWhmAI7YS6tm3GIINTYqFTCjj/A=,P6VxbxyRN/37j0TmpOCRyjxySvI=
-19,-47,SWhmAI7YS6tm3GIINTYqFTCjj/A=,P6VxbxyRN/37j0TmpOCRyjxySvI=
-17,-48,SWhmAI7YS6tm3GIINTYqFTCjj/A=,P6VxbxyRN/37j0TmpOCRyjxySvI=
-24,-45,SWhmAI7YS6tm3GIINTYqFTCjj/A=,P6VxbxyRN/37j0TmpOCRyjxySvI=
-30,-35,SWhmAI7YS6tm3GIINTYqFTCjj/A=,P6VxbxyRN/37j0TmpOCRyjxySvI=
-31,-35,SWhmAI7YS6tm3GIINTYqFTCjj/A=,P6VxbxyRN/37j0TmpOCRyjxySvI=
-20,-47,SWhmAI7YS6tm3GIINTYqFTCjj/A=,P6VxbxyRN/37j0TmpOCRyjxySvI=
-32,-35,SWhmAI7YS6tm3GIINTYqFTCjj/A=,P6VxbxyRN/37j0TmpOCRyjxySvI=
-17,-36,SWhmAI7YS6tm3GIINTYqFTCjj/A=,P6VxbxyRN/37j0TmpOCRyjxySvI=
-21,-45,SWhmAI7YS6tm3GIINTYqFTCjj/A=,P6VxbxyRN/37j0TmpOCRyjxySvI=
-18,-36,SWhmAI7YS6tm3GIINTYqFTCjj/A=,P6VxbxyRN/37j0TmpOCRyjxySvI=
-19,-36,SWhmAI7YS6tm3GIINTYqFTCjj/A=,P6VxbxyRN/37j0TmpOCRyjxySvI=
-21,-36,SWhmAI7YS6tm3GIINTYqFTCjj/A=,P6VxbxyRN/37j0TmpOCRyjxySvI=
-22,-36,SWhmAI7YS6tm3GIINTYqFTCjj/A=,P6VxbxyRN/37j0TmpOCRyjxySvI=
-23,-36,SWhmAI7YS6tm3GIINTYqFTCjj/A=,P6VxbxyRN/37j0TmpOCRyjxySvI=
-24,-36,SWhmAI7YS6tm3GIINTYqFTCjj/A=,P6VxbxyRN/37j0TmpOCRyjxySvI=
-25,-36,SWhmAI7YS6tm3GIINTYqFTCjj/A=,P6VxbxyRN/37j0TmpOCRyjxySvI=
-26,-36,SWhmAI7YS6tm3GIINTYqFTCjj/A=,P6VxbxyRN/37j0TmpOCRyjxySvI=
-27,-36,SWhmAI7YS6tm3GIINTYqFTCjj/A=,P6VxbxyRN/37j0TmpOCRyjxySvI=
-20,-36,SWhmAI7YS6tm3GIINTYqFTCjj/A=,P6VxbxyRN/37j0TmpOCRyjxySvI=
-18,-48,SWhmAI7YS6tm3GIINTYqFTCjj/A=,P6VxbxyRN/37j0TmpOCRyjxySvI=
-25,-45,SWhmAI7YS6tm3GIINTYqFTCjj/A=,P6VxbxyRN/37j0TmpOCRyjxySvI=
-29,-36,SWhmAI7YS6tm3GIINTYqFTCjj/A=,P6VxbxyRN/37j0TmpOCRyjxySvI=
-28,-36,SWhmAI7YS6tm3GIINTYqFTCjj/A=,P6VxbxyRN/37j0TmpOCRyjxySvI=
-31,-36,SWhmAI7YS6tm3GIINTYqFTCjj/A=,P6VxbxyRN/37j0TmpOCRyjxySvI=
-32,-36,SWhmAI7YS6tm3GIINTYqFTCjj/A=,P6VxbxyRN/37j0TmpOCRyjxySvI=
-21,-47,SWhmAI7YS6tm3GIINTYqFTCjj/A=,P6VxbxyRN/37j0TmpOCRyjxySvI=
-17,-37,SWhmAI7YS6tm3GIINTYqFTCjj/A=,P6VxbxyRN/37j0TmpOCRyjxySvI=
-19,-37,SWhmAI7YS6tm3GIINTYqFTCjj/A=,P6VxbxyRN/37j0TmpOCRyjxySvI=
-30,-36,SWhmAI7YS6tm3GIINTYqFTCjj/A=,P6VxbxyRN/37j0TmpOCRyjxySvI=
-20,-37,SWhmAI7YS6tm3GIINTYqFTCjj/A=,P6VxbxyRN/37j0TmpOCRyjxySvI=
-21,-37,SWhmAI7YS6tm3GIINTYqFTCjj/A=,P6VxbxyRN/37j0TmpOCRyjxySvI=
-24,-37,SWhmAI7YS6tm3GIINTYqFTCjj/A=,P6VxbxyRN/37j0TmpOCRyjxySvI=
-23,-37,SWhmAI7YS6tm3GIINTYqFTCjj/A=,P6VxbxyRN/37j0TmpOCRyjxySvI=
-25,-37,SWhmAI7YS6tm3GIINTYqFTCjj/A=,P6VxbxyRN/37j0TmpOCRyjxySvI=
-22,-37,SWhmAI7YS6tm3GIINTYqFTCjj/A=,P6VxbxyRN/37j0TmpOCRyjxySvI=
-27,-37,SWhmAI7YS6tm3GIINTYqFTCjj/A=,P6VxbxyRN/37j0TmpOCRyjxySvI=
-19,-48,SWhmAI7YS6tm3GIINTYqFTCjj/A=,P6VxbxyRN/37j0TmpOCRyjxySvI=
-26,-37,SWhmAI7YS6tm3GIINTYqFTCjj/A=,P6VxbxyRN/37j0TmpOCRyjxySvI=
-26,-45,RDDMrkZJuK/H4KRAg3JmS9I25gs=,P6VxbxyRN/37j0TmpOCRyjxySvI=
-28,-37,SWhmAI7YS6tm3GIINTYqFTCjj/A=,P6VxbxyRN/37j0TmpOCRyjxySvI=
-29,-37,SWhmAI7YS6tm3GIINTYqFTCjj/A=,P6VxbxyRN/37j0TmpOCRyjxySvI=
-31,-37,SWhmAI7YS6tm3GIINTYqFTCjj/A=,P6VxbxyRN/37j0TmpOCRyjxySvI=
-30,-37,SWhmAI7YS6tm3GIINTYqFTCjj/A=,P6VxbxyRN/37j0TmpOCRyjxySvI=
-32,-37,SWhmAI7YS6tm3GIINTYqFTCjj/A=,P6VxbxyRN/37j0TmpOCRyjxySvI=
-22,-47,SWhmAI7YS6tm3GIINTYqFTCjj/A=,P6VxbxyRN/37j0TmpOCRyjxySvI=
-17,-38,SWhmAI7YS6tm3GIINTYqFTCjj/A=,P6VxbxyRN/37j0TmpOCRyjxySvI=
-18,-38,SWhmAI7YS6tm3GIINTYqFTCjj/A=,P6VxbxyRN/37j0TmpOCRyjxySvI=
-20,-38,SWhmAI7YS6tm3GIINTYqFTCjj/A=,P6VxbxyRN/37j0TmpOCRyjxySvI=
-21,-38,SWhmAI7YS6tm3GIINTYqFTCjj/A=,P6VxbxyRN/37j0TmpOCRyjxySvI=
-19,-38,SWhmAI7YS6tm3GIINTYqFTCjj/A=,P6VxbxyRN/37j0TmpOCRyjxySvI=
-22,-38,SWhmAI7YS6tm3GIINTYqFTCjj/A=,P6VxbxyRN/37j0TmpOCRyjxySvI=
-24,-38,SWhmAI7YS6tm3GIINTYqFTCjj/A=,P6VxbxyRN/37j0TmpOCRyjxySvI=
-25,-38,SWhmAI7YS6tm3GIINTYqFTCjj/A=,P6VxbxyRN/37j0TmpOCRyjxySvI=
-23,-38,SWhmAI7YS6tm3GIINTYqFTCjj/A=,P6VxbxyRN/37j0TmpOCRyjxySvI=
-20,-48,SWhmAI7YS6tm3GIINTYqFTCjj/A=,P6VxbxyRN/37j0TmpOCRyjxySvI=
-26,-38,SWhmAI7YS6tm3GIINTYqFTCjj/A=,P6VxbxyRN/37j0TmpOCRyjxySvI=
-28,-38,SWhmAI7YS6tm3GIINTYqFTCjj/A=,P6VxbxyRN/37j0TmpOCRyjxySvI=
-27,-38,SWhmAI7YS6tm3GIINTYqFTCjj/A=,P6VxbxyRN/37j0TmpOCRyjxySvI=
-29,-38,SWhmAI7YS6tm3GIINTYqFTCjj/A=,P6VxbxyRN/37j0TmpOCRyjxySvI=
-27,-45,SWhmAI7YS6tm3GIINTYqFTCjj/A=,P6VxbxyRN/37j0TmpOCRyjxySvI=
-30,-38,SWhmAI7YS6tm3GIINTYqFTCjj/A=,P6VxbxyRN/37j0TmpOCRyjxySvI=
-22,-46,SWhmAI7YS6tm3GIINTYqFTCjj/A=,P6VxbxyRN/37j0TmpOCRyjxySvI=
-31,-38,SWhmAI7YS6tm3GIINTYqFTCjj/A=,P6VxbxyRN/37j0TmpOCRyjxySvI=
-18,-37,SWhmAI7YS6tm3GIINTYqFTCjj/A=,P6VxbxyRN/37j0TmpOCRyjxySvI=
-32,-38,SWhmAI7YS6tm3GIINTYqFTCjj/A=,P6VxbxyRN/37j0TmpOCRyjxySvI=
-18,-39,SWhmAI7YS6tm3GIINTYqFTCjj/A=,P6VxbxyRN/37j0TmpOCRyjxySvI=
-20,-39,SWhmAI7YS6tm3GIINTYqFTCjj/A=,P6VxbxyRN/37j0TmpOCRyjxySvI=
-19,-39,SWhmAI7YS6tm3GIINTYqFTCjj/A=,P6VxbxyRN/37j0TmpOCRyjxySvI=
-21,-39,SWhmAI7YS6tm3GIINTYqFTCjj/A=,P6VxbxyRN/37j0TmpOCRyjxySvI=
-22,-39,SWhmAI7YS6tm3GIINTYqFTCjj/A=,P6VxbxyRN/37j0TmpOCRyjxySvI=
-23,-47,SWhmAI7YS6tm3GIINTYqFTCjj/A=,P6VxbxyRN/37j0TmpOCRyjxySvI=
-24,-39,SWhmAI7YS6tm3GIINTYqFTCjj/A=,P6VxbxyRN/37j0TmpOCRyjxySvI=
-21,-48,SWhmAI7YS6tm3GIINTYqFTCjj/A=,P6VxbxyRN/37j0TmpOCRyjxySvI=
-28,-45,SWhmAI7YS6tm3GIINTYqFTCjj/A=,P6VxbxyRN/37j0TmpOCRyjxySvI=
-25,-39,SWhmAI7YS6tm3GIINTYqFTCjj/A=,P6VxbxyRN/37j0TmpOCRyjxySvI=
-27,-39,SWhmAI7YS6tm3GIINTYqFTCjj/A=,P6VxbxyRN/37j0TmpOCRyjxySvI=
-26,-39,SWhmAI7YS6tm3GIINTYqFTCjj/A=,P6VxbxyRN/37j0TmpOCRyjxySvI=
-29,-39,SWhmAI7YS6tm3GIINTYqFTCjj/A=,P6VxbxyRN/37j0TmpOCRyjxySvI=
-30,-39,SWhmAI7YS6tm3GIINTYqFTCjj/A=,P6VxbxyRN/37j0TmpOCRyjxySvI=
-28,-39,SWhmAI7YS6tm3GIINTYqFTCjj/A=,P6VxbxyRN/37j0TmpOCRyjxySvI=
-32,-39,SWhmAI7YS6tm3GIINTYqFTCjj/A=,P6VxbxyRN/37j0TmpOCRyjxySvI=
-31,-39,SWhmAI7YS6tm3GIINTYqFTCjj/A=,P6VxbxyRN/37j0TmpOCRyjxySvI=
-24,-47,SWhmAI7YS6tm3GIINTYqFTCjj/A=,P6VxbxyRN/37j0TmpOCRyjxySvI=
-22,-44,SWhmAI7YS6tm3GIINTYqFTCjj/A=,P6VxbxyRN/37j0TmpOCRyjxySvI=
-17,-46,SWhmAI7YS6tm3GIINTYqFTCjj/A=,P6VxbxyRN/37j0TmpOCRyjxySvI=
-21,-44,SWhmAI7YS6tm3GIINTYqFTCjj/A=,P6VxbxyRN/37j0TmpOCRyjxySvI=
-26,-48,SWhmAI7YS6tm3GIINTYqFTCjj/A=,P6VxbxyRN/37j0TmpOCRyjxySvI=
-20,-44,SWhmAI7YS6tm3GIINTYqFTCjj/A=,P6VxbxyRN/37j0TmpOCRyjxySvI=
-18,-44,SWhmAI7YS6tm3GIINTYqFTCjj/A=,P6VxbxyRN/37j0TmpOCRyjxySvI=
-19,-44,SWhmAI7YS6tm3GIINTYqFTCjj/A=,P6VxbxyRN/37j0TmpOCRyjxySvI=
-32,-43,SWhmAI7YS6tm3GIINTYqFTCjj/A=,P6VxbxyRN/37j0TmpOCRyjxySvI=
-17,-44,SWhmAI7YS6tm3GIINTYqFTCjj/A=,P6VxbxyRN/37j0TmpOCRyjxySvI=
-31,-43,SWhmAI7YS6tm3GIINTYqFTCjj/A=,P6VxbxyRN/37j0TmpOCRyjxySvI=
-29,-47,SWhmAI7YS6tm3GIINTYqFTCjj/A=,P6VxbxyRN/37j0TmpOCRyjxySvI=
-29,-43,SWhmAI7YS6tm3GIINTYqFTCjj/A=,P6VxbxyRN/37j0TmpOCRyjxySvI=
-28,-43,SWhmAI7YS6tm3GIINTYqFTCjj/A=,P6VxbxyRN/37j0TmpOCRyjxySvI=
-30,-43,SWhmAI7YS6tm3GIINTYqFTCjj/A=,P6VxbxyRN/37j0TmpOCRyjxySvI=
-27,-43,SWhmAI7YS6tm3GIINTYqFTCjj/A=,P6VxbxyRN/37j0TmpOCRyjxySvI=
-26,-43,SWhmAI7YS6tm3GIINTYqFTCjj/A=,P6VxbxyRN/37j0TmpOCRyjxySvI=
-24,-43,SWhmAI7YS6tm3GIINTYqFTCjj/A=,P6VxbxyRN/37j0TmpOCRyjxySvI=
-25,-43,SWhmAI7YS6tm3GIINTYqFTCjj/A=,P6VxbxyRN/37j0TmpOCRyjxySvI=
-23,-39,SWhmAI7YS6tm3GIINTYqFTCjj/A=,P6VxbxyRN/37j0TmpOCRyjxySvI=
-18,-40,SWhmAI7YS6tm3GIINTYqFTCjj/A=,P6VxbxyRN/37j0TmpOCRyjxySvI=
-23,-43,SWhmAI7YS6tm3GIINTYqFTCjj/A=,P6VxbxyRN/37j0TmpOCRyjxySvI=
-19,-40,SWhmAI7YS6tm3GIINTYqFTCjj/A=,P6VxbxyRN/37j0TmpOCRyjxySvI=
-21,-40,SWhmAI7YS6tm3GIINTYqFTCjj/A=,P6VxbxyRN/37j0TmpOCRyjxySvI=
-20,-40,SWhmAI7YS6tm3GIINTYqFTCjj/A=,P6VxbxyRN/37j0TmpOCRyjxySvI=
-17,-39,SWhmAI7YS6tm3GIINTYqFTCjj/A=,P6VxbxyRN/37j0TmpOCRyjxySvI=
-23,-40,SWhmAI7YS6tm3GIINTYqFTCjj/A=,P6VxbxyRN/37j0TmpOCRyjxySvI=
-22,-40,SWhmAI7YS6tm3GIINTYqFTCjj/A=,P6VxbxyRN/37j0TmpOCRyjxySvI=
-22,-48,SWhmAI7YS6tm3GIINTYqFTCjj/A=,P6VxbxyRN/37j0TmpOCRyjxySvI=
-24,-40,SWhmAI7YS6tm3GIINTYqFTCjj/A=,P6VxbxyRN/37j0TmpOCRyjxySvI=
-25,-40,SWhmAI7YS6tm3GIINTYqFTCjj/A=,P6VxbxyRN/37j0TmpOCRyjxySvI=
-29,-45,SWhmAI7YS6tm3GIINTYqFTCjj/A=,P6VxbxyRN/37j0TmpOCRyjxySvI=
-26,-40,SWhmAI7YS6tm3GIINTYqFTCjj/A=,P6VxbxyRN/37j0TmpOCRyjxySvI=
-28,-40,SWhmAI7YS6tm3GIINTYqFTCjj/A=,P6VxbxyRN/37j0TmpOCRyjxySvI=
-27,-40,SWhmAI7YS6tm3GIINTYqFTCjj/A=,P6VxbxyRN/37j0TmpOCRyjxySvI=
-30,-40,SWhmAI7YS6tm3GIINTYqFTCjj/A=,P6VxbxyRN/37j0TmpOCRyjxySvI=
-29,-40,SWhmAI7YS6tm3GIINTYqFTCjj/A=,P6VxbxyRN/37j0TmpOCRyjxySvI=
-32,-40,SWhmAI7YS6tm3GIINTYqFTCjj/A=,P6VxbxyRN/37j0TmpOCRyjxySvI=
-31,-40,SWhmAI7YS6tm3GIINTYqFTCjj/A=,P6VxbxyRN/37j0TmpOCRyjxySvI=
-25,-47,SWhmAI7YS6tm3GIINTYqFTCjj/A=,P6VxbxyRN/37j0TmpOCRyjxySvI=
-17,-41,SWhmAI7YS6tm3GIINTYqFTCjj/A=,P6VxbxyRN/37j0TmpOCRyjxySvI=
-20,-41,SWhmAI7YS6tm3GIINTYqFTCjj/A=,P6VxbxyRN/37j0TmpOCRyjxySvI=
-18,-41,SWhmAI7YS6tm3GIINTYqFTCjj/A=,P6VxbxyRN/37j0TmpOCRyjxySvI=
-19,-41,SWhmAI7YS6tm3GIINTYqFTCjj/A=,P6VxbxyRN/37j0TmpOCRyjxySvI=
-22,-41,SWhmAI7YS6tm3GIINTYqFTCjj/A=,P6VxbxyRN/37j0TmpOCRyjxySvI=
-23,-41,SWhmAI7YS6tm3GIINTYqFTCjj/A=,P6VxbxyRN/37j0TmpOCRyjxySvI=
-21,-41,SWhmAI7YS6tm3GIINTYqFTCjj/A=,P6VxbxyRN/37j0TmpOCRyjxySvI=
-30,-45,SWhmAI7YS6tm3GIINTYqFTCjj/A=,P6VxbxyRN/37j0TmpOCRyjxySvI=
-23,-48,SWhmAI7YS6tm3GIINTYqFTCjj/A=,P6VxbxyRN/37j0TmpOCRyjxySvI=
-24,-41,SWhmAI7YS6tm3GIINTYqFTCjj/A=,P6VxbxyRN/37j0TmpOCRyjxySvI=
-25,-41,SWhmAI7YS6tm3GIINTYqFTCjj/A=,P6VxbxyRN/37j0TmpOCRyjxySvI=
-27,-41,SWhmAI7YS6tm3GIINTYqFTCjj/A=,P6VxbxyRN/37j0TmpOCRyjxySvI=
-29,-41,SWhmAI7YS6tm3GIINTYqFTCjj/A=,P6VxbxyRN/37j0TmpOCRyjxySvI=
-30,-41,SWhmAI7YS6tm3GIINTYqFTCjj/A=,P6VxbxyRN/37j0TmpOCRyjxySvI=
-26,-41,SWhmAI7YS6tm3GIINTYqFTCjj/A=,P6VxbxyRN/37j0TmpOCRyjxySvI=
-28,-41,SWhmAI7YS6tm3GIINTYqFTCjj/A=,P6VxbxyRN/37j0TmpOCRyjxySvI=
-26,-47,SWhmAI7YS6tm3GIINTYqFTCjj/A=,P6VxbxyRN/37j0TmpOCRyjxySvI=
-32,-41,SWhmAI7YS6tm3GIINTYqFTCjj/A=,P6VxbxyRN/37j0TmpOCRyjxySvI=
-31,-41,SWhmAI7YS6tm3GIINTYqFTCjj/A=,P6VxbxyRN/37j0TmpOCRyjxySvI=
-17,-42,SWhmAI7YS6tm3GIINTYqFTCjj/A=,P6VxbxyRN/37j0TmpOCRyjxySvI=
-19,-42,SWhmAI7YS6tm3GIINTYqFTCjj/A=,P6VxbxyRN/37j0TmpOCRyjxySvI=
-18,-42,SWhmAI7YS6tm3GIINTYqFTCjj/A=,P6VxbxyRN/37j0TmpOCRyjxySvI=
-21,-42,SWhmAI7YS6tm3GIINTYqFTCjj/A=,P6VxbxyRN/37j0TmpOCRyjxySvI=
-20,-42,SWhmAI7YS6tm3GIINTYqFTCjj/A=,P6VxbxyRN/37j0TmpOCRyjxySvI=
-24,-48,SWhmAI7YS6tm3GIINTYqFTCjj/A=,P6VxbxyRN/37j0TmpOCRyjxySvI=
-23,-42,SWhmAI7YS6tm3GIINTYqFTCjj/A=,P6VxbxyRN/37j0TmpOCRyjxySvI=
-25,-42,SWhmAI7YS6tm3GIINTYqFTCjj/A=,P6VxbxyRN/37j0TmpOCRyjxySvI=
-31,-45,SWhmAI7YS6tm3GIINTYqFTCjj/A=,P6VxbxyRN/37j0TmpOCRyjxySvI=
-27,-42,SWhmAI7YS6tm3GIINTYqFTCjj/A=,P6VxbxyRN/37j0TmpOCRyjxySvI=
-28,-42,SWhmAI7YS6tm3GIINTYqFTCjj/A=,P6VxbxyRN/37j0TmpOCRyjxySvI=
-26,-42,SWhmAI7YS6tm3GIINTYqFTCjj/A=,P6VxbxyRN/37j0TmpOCRyjxySvI=
-29,-42,SWhmAI7YS6tm3GIINTYqFTCjj/A=,P6VxbxyRN/37j0TmpOCRyjxySvI=
-30,-42,SWhmAI7YS6tm3GIINTYqFTCjj/A=,P6VxbxyRN/37j0TmpOCRyjxySvI=
-31,-42,SWhmAI7YS6tm3GIINTYqFTCjj/A=,P6VxbxyRN/37j0TmpOCRyjxySvI=
-24,-42,SWhmAI7YS6tm3GIINTYqFTCjj/A=,P6VxbxyRN/37j0TmpOCRyjxySvI=
-32,-42,SWhmAI7YS6tm3GIINTYqFTCjj/A=,P6VxbxyRN/37j0TmpOCRyjxySvI=
-17,-43,SWhmAI7YS6tm3GIINTYqFTCjj/A=,P6VxbxyRN/37j0TmpOCRyjxySvI=
-27,-47,SWhmAI7YS6tm3GIINTYqFTCjj/A=,P6VxbxyRN/37j0TmpOCRyjxySvI=
-18,-43,SWhmAI7YS6tm3GIINTYqFTCjj/A=,P6VxbxyRN/37j0TmpOCRyjxySvI=
-19,-43,SWhmAI7YS6tm3GIINTYqFTCjj/A=,P6VxbxyRN/37j0TmpOCRyjxySvI=
-32,-45,SWhmAI7YS6tm3GIINTYqFTCjj/A=,P6VxbxyRN/37j0TmpOCRyjxySvI=
-22,-43,SWhmAI7YS6tm3GIINTYqFTCjj/A=,P6VxbxyRN/37j0TmpOCRyjxySvI=
-20,-43,SWhmAI7YS6tm3GIINTYqFTCjj/A=,P6VxbxyRN/37j0TmpOCRyjxySvI=
-28,-47,SWhmAI7YS6tm3GIINTYqFTCjj/A=,P6VxbxyRN/37j0TmpOCRyjxySvI=
-17,-40,SWhmAI7YS6tm3GIINTYqFTCjj/A=,P6VxbxyRN/37j0TmpOCRyjxySvI=
-21,-43,SWhmAI7YS6tm3GIINTYqFTCjj/A=,P6VxbxyRN/37j0TmpOCRyjxySvI=
-25,-48,SWhmAI7YS6tm3GIINTYqFTCjj/A=,P6VxbxyRN/37j0TmpOCRyjxySvI=
-22,-42,SWhmAI7YS6tm3GIINTYqFTCjj/A=,P6VxbxyRN/37j0TmpOCRyjxySvI=
-9,-61,w6gSgD+panpB3y8rSJzCqnPP/zQ=,1+Lldcl4KXIm/BOVjCdfmjjqV6M=
-11,-64,w6gSgD+panpB3y8rSJzCqnPP/zQ=,1+Lldcl4KXIm/BOVjCdfmjjqV6M=
-10,-61,w6gSgD+panpB3y8rSJzCqnPP/zQ=,1+Lldcl4KXIm/BOVjCdfmjjqV6M=
-13,-64,w6gSgD+panpB3y8rSJzCqnPP/zQ=,1+Lldcl4KXIm/BOVjCdfmjjqV6M=
-10,-62,w6gSgD+panpB3y8rSJzCqnPP/zQ=,1+Lldcl4KXIm/BOVjCdfmjjqV6M=
-12,-61,w6gSgD+panpB3y8rSJzCqnPP/zQ=,1+Lldcl4KXIm/BOVjCdfmjjqV6M=
-12,-63,w6gSgD+panpB3y8rSJzCqnPP/zQ=,1+Lldcl4KXIm/BOVjCdfmjjqV6M=
-11,-63,w6gSgD+panpB3y8rSJzCqnPP/zQ=,1+Lldcl4KXIm/BOVjCdfmjjqV6M=
-14,-61,w6gSgD+panpB3y8rSJzCqnPP/zQ=,1+Lldcl4KXIm/BOVjCdfmjjqV6M=
-12,-62,w6gSgD+panpB3y8rSJzCqnPP/zQ=,1+Lldcl4KXIm/BOVjCdfmjjqV6M=
-15,-64,w6gSgD+panpB3y8rSJzCqnPP/zQ=,1+Lldcl4KXIm/BOVjCdfmjjqV6M=
-12,-64,w6gSgD+panpB3y8rSJzCqnPP/zQ=,1+Lldcl4KXIm/BOVjCdfmjjqV6M=
-3,-50,w6gSgD+panpB3y8rSJzCqnPP/zQ=,1+Lldcl4KXIm/BOVjCdfmjjqV6M=
-6,-50,w6gSgD+panpB3y8rSJzCqnPP/zQ=,1+Lldcl4KXIm/BOVjCdfmjjqV6M=
-5,-50,w6gSgD+panpB3y8rSJzCqnPP/zQ=,1+Lldcl4KXIm/BOVjCdfmjjqV6M=
-2,-50,w6gSgD+panpB3y8rSJzCqnPP/zQ=,1+Lldcl4KXIm/BOVjCdfmjjqV6M=
-7,-50,w6gSgD+panpB3y8rSJzCqnPP/zQ=,1+Lldcl4KXIm/BOVjCdfmjjqV6M=
-8,-50,w6gSgD+panpB3y8rSJzCqnPP/zQ=,1+Lldcl4KXIm/BOVjCdfmjjqV6M=
-9,-50,w6gSgD+panpB3y8rSJzCqnPP/zQ=,1+Lldcl4KXIm/BOVjCdfmjjqV6M=
-10,-50,w6gSgD+panpB3y8rSJzCqnPP/zQ=,1+Lldcl4KXIm/BOVjCdfmjjqV6M=
-11,-50,w6gSgD+panpB3y8rSJzCqnPP/zQ=,1+Lldcl4KXIm/BOVjCdfmjjqV6M=
-12,-50,w6gSgD+panpB3y8rSJzCqnPP/zQ=,1+Lldcl4KXIm/BOVjCdfmjjqV6M=
-13,-50,w6gSgD+panpB3y8rSJzCqnPP/zQ=,1+Lldcl4KXIm/BOVjCdfmjjqV6M=
-14,-50,w6gSgD+panpB3y8rSJzCqnPP/zQ=,1+Lldcl4KXIm/BOVjCdfmjjqV6M=
-15,-50,w6gSgD+panpB3y8rSJzCqnPP/zQ=,1+Lldcl4KXIm/BOVjCdfmjjqV6M=
-13,-63,w6gSgD+panpB3y8rSJzCqnPP/zQ=,1+Lldcl4KXIm/BOVjCdfmjjqV6M=
-5,-51,w6gSgD+panpB3y8rSJzCqnPP/zQ=,1+Lldcl4KXIm/BOVjCdfmjjqV6M=
-6,-51,w6gSgD+panpB3y8rSJzCqnPP/zQ=,1+Lldcl4KXIm/BOVjCdfmjjqV6M=
-7,-51,w6gSgD+panpB3y8rSJzCqnPP/zQ=,1+Lldcl4KXIm/BOVjCdfmjjqV6M=
-8,-51,w6gSgD+panpB3y8rSJzCqnPP/zQ=,1+Lldcl4KXIm/BOVjCdfmjjqV6M=
-9,-51,w6gSgD+panpB3y8rSJzCqnPP/zQ=,1+Lldcl4KXIm/BOVjCdfmjjqV6M=
-10,-51,w6gSgD+panpB3y8rSJzCqnPP/zQ=,1+Lldcl4KXIm/BOVjCdfmjjqV6M=
-11,-51,w6gSgD+panpB3y8rSJzCqnPP/zQ=,1+Lldcl4KXIm/BOVjCdfmjjqV6M=
-13,-51,w6gSgD+panpB3y8rSJzCqnPP/zQ=,1+Lldcl4KXIm/BOVjCdfmjjqV6M=
-12,-51,w6gSgD+panpB3y8rSJzCqnPP/zQ=,1+Lldcl4KXIm/BOVjCdfmjjqV6M=
-15,-51,w6gSgD+panpB3y8rSJzCqnPP/zQ=,1+Lldcl4KXIm/BOVjCdfmjjqV6M=
-14,-51,w6gSgD+panpB3y8rSJzCqnPP/zQ=,1+Lldcl4KXIm/BOVjCdfmjjqV6M=
-4,-52,w6gSgD+panpB3y8rSJzCqnPP/zQ=,1+Lldcl4KXIm/BOVjCdfmjjqV6M=
-6,-52,w6gSgD+panpB3y8rSJzCqnPP/zQ=,1+Lldcl4KXIm/BOVjCdfmjjqV6M=
-14,-63,w6gSgD+panpB3y8rSJzCqnPP/zQ=,1+Lldcl4KXIm/BOVjCdfmjjqV6M=
-7,-52,w6gSgD+panpB3y8rSJzCqnPP/zQ=,1+Lldcl4KXIm/BOVjCdfmjjqV6M=
-9,-52,w6gSgD+panpB3y8rSJzCqnPP/zQ=,1+Lldcl4KXIm/BOVjCdfmjjqV6M=
-10,-52,w6gSgD+panpB3y8rSJzCqnPP/zQ=,1+Lldcl4KXIm/BOVjCdfmjjqV6M=
-12,-52,w6gSgD+panpB3y8rSJzCqnPP/zQ=,1+Lldcl4KXIm/BOVjCdfmjjqV6M=
-11,-52,w6gSgD+panpB3y8rSJzCqnPP/zQ=,1+Lldcl4KXIm/BOVjCdfmjjqV6M=
-13,-52,w6gSgD+panpB3y8rSJzCqnPP/zQ=,1+Lldcl4KXIm/BOVjCdfmjjqV6M=
-15,-52,w6gSgD+panpB3y8rSJzCqnPP/zQ=,1+Lldcl4KXIm/BOVjCdfmjjqV6M=
-14,-52,w6gSgD+panpB3y8rSJzCqnPP/zQ=,1+Lldcl4KXIm/BOVjCdfmjjqV6M=
-2,-64,w6gSgD+panpB3y8rSJzCqnPP/zQ=,1+Lldcl4KXIm/BOVjCdfmjjqV6M=
-14,-64,w6gSgD+panpB3y8rSJzCqnPP/zQ=,1+Lldcl4KXIm/BOVjCdfmjjqV6M=
-2,-63,w6gSgD+panpB3y8rSJzCqnPP/zQ=,1+Lldcl4KXIm/BOVjCdfmjjqV6M=
-4,-53,w6gSgD+panpB3y8rSJzCqnPP/zQ=,1+Lldcl4KXIm/BOVjCdfmjjqV6M=
-5,-53,w6gSgD+panpB3y8rSJzCqnPP/zQ=,1+Lldcl4KXIm/BOVjCdfmjjqV6M=
-6,-53,w6gSgD+panpB3y8rSJzCqnPP/zQ=,1+Lldcl4KXIm/BOVjCdfmjjqV6M=
-8,-52,w6gSgD+panpB3y8rSJzCqnPP/zQ=,1+Lldcl4KXIm/BOVjCdfmjjqV6M=
-8,-53,w6gSgD+panpB3y8rSJzCqnPP/zQ=,1+Lldcl4KXIm/BOVjCdfmjjqV6M=
-11,-53,w6gSgD+panpB3y8rSJzCqnPP/zQ=,1+Lldcl4KXIm/BOVjCdfmjjqV6M=
-12,-53,w6gSgD+panpB3y8rSJzCqnPP/zQ=,1+Lldcl4KXIm/BOVjCdfmjjqV6M=
-10,-53,w6gSgD+panpB3y8rSJzCqnPP/zQ=,1+Lldcl4KXIm/BOVjCdfmjjqV6M=
-7,-53,w6gSgD+panpB3y8rSJzCqnPP/zQ=,1+Lldcl4KXIm/BOVjCdfmjjqV6M=
-9,-53,w6gSgD+panpB3y8rSJzCqnPP/zQ=,1+Lldcl4KXIm/BOVjCdfmjjqV6M=
-14,-53,w6gSgD+panpB3y8rSJzCqnPP/zQ=,1+Lldcl4KXIm/BOVjCdfmjjqV6M=
-13,-53,w6gSgD+panpB3y8rSJzCqnPP/zQ=,1+Lldcl4KXIm/BOVjCdfmjjqV6M=
-15,-53,w6gSgD+panpB3y8rSJzCqnPP/zQ=,1+Lldcl4KXIm/BOVjCdfmjjqV6M=
-2,-62,w6gSgD+panpB3y8rSJzCqnPP/zQ=,1+Lldcl4KXIm/BOVjCdfmjjqV6M=
-3,-64,w6gSgD+panpB3y8rSJzCqnPP/zQ=,1+Lldcl4KXIm/BOVjCdfmjjqV6M=
-3,-63,w6gSgD+panpB3y8rSJzCqnPP/zQ=,1+Lldcl4KXIm/BOVjCdfmjjqV6M=
-2,-54,w6gSgD+panpB3y8rSJzCqnPP/zQ=,1+Lldcl4KXIm/BOVjCdfmjjqV6M=
-3,-54,w6gSgD+panpB3y8rSJzCqnPP/zQ=,1+Lldcl4KXIm/BOVjCdfmjjqV6M=
-4,-54,w6gSgD+panpB3y8rSJzCqnPP/zQ=,1+Lldcl4KXIm/BOVjCdfmjjqV6M=
-5,-54,w6gSgD+panpB3y8rSJzCqnPP/zQ=,1+Lldcl4KXIm/BOVjCdfmjjqV6M=
-6,-54,w6gSgD+panpB3y8rSJzCqnPP/zQ=,1+Lldcl4KXIm/BOVjCdfmjjqV6M=
-7,-54,w6gSgD+panpB3y8rSJzCqnPP/zQ=,1+Lldcl4KXIm/BOVjCdfmjjqV6M=
-8,-54,w6gSgD+panpB3y8rSJzCqnPP/zQ=,1+Lldcl4KXIm/BOVjCdfmjjqV6M=
-11,-54,w6gSgD+panpB3y8rSJzCqnPP/zQ=,1+Lldcl4KXIm/BOVjCdfmjjqV6M=
-9,-54,w6gSgD+panpB3y8rSJzCqnPP/zQ=,1+Lldcl4KXIm/BOVjCdfmjjqV6M=
-12,-54,w6gSgD+panpB3y8rSJzCqnPP/zQ=,1+Lldcl4KXIm/BOVjCdfmjjqV6M=
-14,-54,w6gSgD+panpB3y8rSJzCqnPP/zQ=,1+Lldcl4KXIm/BOVjCdfmjjqV6M=
-10,-54,w6gSgD+panpB3y8rSJzCqnPP/zQ=,1+Lldcl4KXIm/BOVjCdfmjjqV6M=
-15,-54,w6gSgD+panpB3y8rSJzCqnPP/zQ=,1+Lldcl4KXIm/BOVjCdfmjjqV6M=
-13,-54,w6gSgD+panpB3y8rSJzCqnPP/zQ=,1+Lldcl4KXIm/BOVjCdfmjjqV6M=
-4,-63,w6gSgD+panpB3y8rSJzCqnPP/zQ=,1+Lldcl4KXIm/BOVjCdfmjjqV6M=
-3,-62,w6gSgD+panpB3y8rSJzCqnPP/zQ=,1+Lldcl4KXIm/BOVjCdfmjjqV6M=
-3,-55,w6gSgD+panpB3y8rSJzCqnPP/zQ=,1+Lldcl4KXIm/BOVjCdfmjjqV6M=
-2,-55,w6gSgD+panpB3y8rSJzCqnPP/zQ=,1+Lldcl4KXIm/BOVjCdfmjjqV6M=
-4,-55,w6gSgD+panpB3y8rSJzCqnPP/zQ=,1+Lldcl4KXIm/BOVjCdfmjjqV6M=
-5,-55,w6gSgD+panpB3y8rSJzCqnPP/zQ=,1+Lldcl4KXIm/BOVjCdfmjjqV6M=
-7,-55,w6gSgD+panpB3y8rSJzCqnPP/zQ=,1+Lldcl4KXIm/BOVjCdfmjjqV6M=
-8,-55,w6gSgD+panpB3y8rSJzCqnPP/zQ=,1+Lldcl4KXIm/BOVjCdfmjjqV6M=
-9,-55,w6gSgD+panpB3y8rSJzCqnPP/zQ=,1+Lldcl4KXIm/BOVjCdfmjjqV6M=
-10,-55,w6gSgD+panpB3y8rSJzCqnPP/zQ=,1+Lldcl4KXIm/BOVjCdfmjjqV6M=
-12,-55,w6gSgD+panpB3y8rSJzCqnPP/zQ=,1+Lldcl4KXIm/BOVjCdfmjjqV6M=
-14,-55,w6gSgD+panpB3y8rSJzCqnPP/zQ=,1+Lldcl4KXIm/BOVjCdfmjjqV6M=
-13,-55,w6gSgD+panpB3y8rSJzCqnPP/zQ=,1+Lldcl4KXIm/BOVjCdfmjjqV6M=
-15,-55,w6gSgD+panpB3y8rSJzCqnPP/zQ=,1+Lldcl4KXIm/BOVjCdfmjjqV6M=
-11,-55,w6gSgD+panpB3y8rSJzCqnPP/zQ=,1+Lldcl4KXIm/BOVjCdfmjjqV6M=
-5,-64,w6gSgD+panpB3y8rSJzCqnPP/zQ=,1+Lldcl4KXIm/BOVjCdfmjjqV6M=
-4,-62,w6gSgD+panpB3y8rSJzCqnPP/zQ=,1+Lldcl4KXIm/BOVjCdfmjjqV6M=
-5,-63,w6gSgD+panpB3y8rSJzCqnPP/zQ=,1+Lldcl4KXIm/BOVjCdfmjjqV6M=
-2,-56,w6gSgD+panpB3y8rSJzCqnPP/zQ=,1+Lldcl4KXIm/BOVjCdfmjjqV6M=
-4,-56,w6gSgD+panpB3y8rSJzCqnPP/zQ=,1+Lldcl4KXIm/BOVjCdfmjjqV6M=
-6,-56,w6gSgD+panpB3y8rSJzCqnPP/zQ=,1+Lldcl4KXIm/BOVjCdfmjjqV6M=
-8,-56,w6gSgD+panpB3y8rSJzCqnPP/zQ=,1+Lldcl4KXIm/BOVjCdfmjjqV6M=
-9,-56,w6gSgD+panpB3y8rSJzCqnPP/zQ=,1+Lldcl4KXIm/BOVjCdfmjjqV6M=
-10,-56,w6gSgD+panpB3y8rSJzCqnPP/zQ=,1+Lldcl4KXIm/BOVjCdfmjjqV6M=
-4,-64,w6gSgD+panpB3y8rSJzCqnPP/zQ=,1+Lldcl4KXIm/BOVjCdfmjjqV6M=
-11,-56,w6gSgD+panpB3y8rSJzCqnPP/zQ=,1+Lldcl4KXIm/BOVjCdfmjjqV6M=
-12,-56,w6gSgD+panpB3y8rSJzCqnPP/zQ=,1+Lldcl4KXIm/BOVjCdfmjjqV6M=
-14,-56,w6gSgD+panpB3y8rSJzCqnPP/zQ=,1+Lldcl4KXIm/BOVjCdfmjjqV6M=
-13,-56,w6gSgD+panpB3y8rSJzCqnPP/zQ=,1+Lldcl4KXIm/BOVjCdfmjjqV6M=
-15,-56,w6gSgD+panpB3y8rSJzCqnPP/zQ=,1+Lldcl4KXIm/BOVjCdfmjjqV6M=
-6,-64,w6gSgD+panpB3y8rSJzCqnPP/zQ=,1+Lldcl4KXIm/BOVjCdfmjjqV6M=
-6,-63,w6gSgD+panpB3y8rSJzCqnPP/zQ=,1+Lldcl4KXIm/BOVjCdfmjjqV6M=
-3,-57,w6gSgD+panpB3y8rSJzCqnPP/zQ=,1+Lldcl4KXIm/BOVjCdfmjjqV6M=
-5,-62,w6gSgD+panpB3y8rSJzCqnPP/zQ=,1+Lldcl4KXIm/BOVjCdfmjjqV6M=
-5,-57,w6gSgD+panpB3y8rSJzCqnPP/zQ=,1+Lldcl4KXIm/BOVjCdfmjjqV6M=
-6,-57,w6gSgD+panpB3y8rSJzCqnPP/zQ=,1+Lldcl4KXIm/BOVjCdfmjjqV6M=
-7,-57,w6gSgD+panpB3y8rSJzCqnPP/zQ=,1+Lldcl4KXIm/BOVjCdfmjjqV6M=
-9,-57,w6gSgD+panpB3y8rSJzCqnPP/zQ=,1+Lldcl4KXIm/BOVjCdfmjjqV6M=
-2,-57,w6gSgD+panpB3y8rSJzCqnPP/zQ=,1+Lldcl4KXIm/BOVjCdfmjjqV6M=
-10,-57,w6gSgD+panpB3y8rSJzCqnPP/zQ=,1+Lldcl4KXIm/BOVjCdfmjjqV6M=
-12,-57,w6gSgD+panpB3y8rSJzCqnPP/zQ=,1+Lldcl4KXIm/BOVjCdfmjjqV6M=
-11,-57,w6gSgD+panpB3y8rSJzCqnPP/zQ=,1+Lldcl4KXIm/BOVjCdfmjjqV6M=
-15,-57,w6gSgD+panpB3y8rSJzCqnPP/zQ=,1+Lldcl4KXIm/BOVjCdfmjjqV6M=
-14,-57,w6gSgD+panpB3y8rSJzCqnPP/zQ=,1+Lldcl4KXIm/BOVjCdfmjjqV6M=
-7,-64,w6gSgD+panpB3y8rSJzCqnPP/zQ=,1+Lldcl4KXIm/BOVjCdfmjjqV6M=
-13,-57,w6gSgD+panpB3y8rSJzCqnPP/zQ=,1+Lldcl4KXIm/BOVjCdfmjjqV6M=
-6,-62,w6gSgD+panpB3y8rSJzCqnPP/zQ=,1+Lldcl4KXIm/BOVjCdfmjjqV6M=
-7,-63,w6gSgD+panpB3y8rSJzCqnPP/zQ=,1+Lldcl4KXIm/BOVjCdfmjjqV6M=
-3,-58,w6gSgD+panpB3y8rSJzCqnPP/zQ=,1+Lldcl4KXIm/BOVjCdfmjjqV6M=
-4,-58,w6gSgD+panpB3y8rSJzCqnPP/zQ=,1+Lldcl4KXIm/BOVjCdfmjjqV6M=
-2,-58,w6gSgD+panpB3y8rSJzCqnPP/zQ=,1+Lldcl4KXIm/BOVjCdfmjjqV6M=
-8,-58,w6gSgD+panpB3y8rSJzCqnPP/zQ=,1+Lldcl4KXIm/BOVjCdfmjjqV6M=
-9,-58,w6gSgD+panpB3y8rSJzCqnPP/zQ=,1+Lldcl4KXIm/BOVjCdfmjjqV6M=
-10,-58,w6gSgD+panpB3y8rSJzCqnPP/zQ=,1+Lldcl4KXIm/BOVjCdfmjjqV6M=
-7,-58,w6gSgD+panpB3y8rSJzCqnPP/zQ=,1+Lldcl4KXIm/BOVjCdfmjjqV6M=
-11,-58,w6gSgD+panpB3y8rSJzCqnPP/zQ=,1+Lldcl4KXIm/BOVjCdfmjjqV6M=
-15,-58,w6gSgD+panpB3y8rSJzCqnPP/zQ=,1+Lldcl4KXIm/BOVjCdfmjjqV6M=
-7,-62,w6gSgD+panpB3y8rSJzCqnPP/zQ=,1+Lldcl4KXIm/BOVjCdfmjjqV6M=
-14,-58,w6gSgD+panpB3y8rSJzCqnPP/zQ=,1+Lldcl4KXIm/BOVjCdfmjjqV6M=
-8,-64,w6gSgD+panpB3y8rSJzCqnPP/zQ=,1+Lldcl4KXIm/BOVjCdfmjjqV6M=
-8,-63,w6gSgD+panpB3y8rSJzCqnPP/zQ=,1+Lldcl4KXIm/BOVjCdfmjjqV6M=
-2,-59,w6gSgD+panpB3y8rSJzCqnPP/zQ=,1+Lldcl4KXIm/BOVjCdfmjjqV6M=
-3,-59,w6gSgD+panpB3y8rSJzCqnPP/zQ=,1+Lldcl4KXIm/BOVjCdfmjjqV6M=
-5,-59,w6gSgD+panpB3y8rSJzCqnPP/zQ=,1+Lldcl4KXIm/BOVjCdfmjjqV6M=
-8,-59,w6gSgD+panpB3y8rSJzCqnPP/zQ=,1+Lldcl4KXIm/BOVjCdfmjjqV6M=
-1,-61,w6gSgD+panpB3y8rSJzCqnPP/zQ=,1+Lldcl4KXIm/BOVjCdfmjjqV6M=
-6,-59,w6gSgD+panpB3y8rSJzCqnPP/zQ=,1+Lldcl4KXIm/BOVjCdfmjjqV6M=
-4,-59,w6gSgD+panpB3y8rSJzCqnPP/zQ=,1+Lldcl4KXIm/BOVjCdfmjjqV6M=
-1,-59,w6gSgD+panpB3y8rSJzCqnPP/zQ=,1+Lldcl4KXIm/BOVjCdfmjjqV6M=
-1,-58,w6gSgD+panpB3y8rSJzCqnPP/zQ=,1+Lldcl4KXIm/BOVjCdfmjjqV6M=
-1,-60,w6gSgD+panpB3y8rSJzCqnPP/zQ=,1+Lldcl4KXIm/BOVjCdfmjjqV6M=
-11,-59,w6gSgD+panpB3y8rSJzCqnPP/zQ=,1+Lldcl4KXIm/BOVjCdfmjjqV6M=
-12,-59,w6gSgD+panpB3y8rSJzCqnPP/zQ=,1+Lldcl4KXIm/BOVjCdfmjjqV6M=
-1,-57,w6gSgD+panpB3y8rSJzCqnPP/zQ=,1+Lldcl4KXIm/BOVjCdfmjjqV6M=
-1,-55,w6gSgD+panpB3y8rSJzCqnPP/zQ=,1+Lldcl4KXIm/BOVjCdfmjjqV6M=
-1,-56,w6gSgD+panpB3y8rSJzCqnPP/zQ=,1+Lldcl4KXIm/BOVjCdfmjjqV6M=
-1,-54,w6gSgD+panpB3y8rSJzCqnPP/zQ=,1+Lldcl4KXIm/BOVjCdfmjjqV6M=
-13,-59,w6gSgD+panpB3y8rSJzCqnPP/zQ=,1+Lldcl4KXIm/BOVjCdfmjjqV6M=
-1,-63,w6gSgD+panpB3y8rSJzCqnPP/zQ=,1+Lldcl4KXIm/BOVjCdfmjjqV6M=
-1,-53,w6gSgD+panpB3y8rSJzCqnPP/zQ=,1+Lldcl4KXIm/BOVjCdfmjjqV6M=
-1,-62,w6gSgD+panpB3y8rSJzCqnPP/zQ=,1+Lldcl4KXIm/BOVjCdfmjjqV6M=
-14,-59,w6gSgD+panpB3y8rSJzCqnPP/zQ=,1+Lldcl4KXIm/BOVjCdfmjjqV6M=
-15,-59,w6gSgD+panpB3y8rSJzCqnPP/zQ=,1+Lldcl4KXIm/BOVjCdfmjjqV6M=
-1,-50,w6gSgD+panpB3y8rSJzCqnPP/zQ=,1+Lldcl4KXIm/BOVjCdfmjjqV6M=
-9,-64,w6gSgD+panpB3y8rSJzCqnPP/zQ=,1+Lldcl4KXIm/BOVjCdfmjjqV6M=
-8,-62,w6gSgD+panpB3y8rSJzCqnPP/zQ=,1+Lldcl4KXIm/BOVjCdfmjjqV6M=
-9,-63,w6gSgD+panpB3y8rSJzCqnPP/zQ=,1+Lldcl4KXIm/BOVjCdfmjjqV6M=
-2,-60,w6gSgD+panpB3y8rSJzCqnPP/zQ=,1+Lldcl4KXIm/BOVjCdfmjjqV6M=
-3,-60,w6gSgD+panpB3y8rSJzCqnPP/zQ=,1+Lldcl4KXIm/BOVjCdfmjjqV6M=
-5,-60,w6gSgD+panpB3y8rSJzCqnPP/zQ=,1+Lldcl4KXIm/BOVjCdfmjjqV6M=
-6,-60,w6gSgD+panpB3y8rSJzCqnPP/zQ=,1+Lldcl4KXIm/BOVjCdfmjjqV6M=
-7,-60,w6gSgD+panpB3y8rSJzCqnPP/zQ=,1+Lldcl4KXIm/BOVjCdfmjjqV6M=
-9,-60,w6gSgD+panpB3y8rSJzCqnPP/zQ=,1+Lldcl4KXIm/BOVjCdfmjjqV6M=
-12,-60,w6gSgD+panpB3y8rSJzCqnPP/zQ=,1+Lldcl4KXIm/BOVjCdfmjjqV6M=
-4,-60,w6gSgD+panpB3y8rSJzCqnPP/zQ=,1+Lldcl4KXIm/BOVjCdfmjjqV6M=
-10,-60,w6gSgD+panpB3y8rSJzCqnPP/zQ=,1+Lldcl4KXIm/BOVjCdfmjjqV6M=
-13,-60,w6gSgD+panpB3y8rSJzCqnPP/zQ=,1+Lldcl4KXIm/BOVjCdfmjjqV6M=
-10,-64,w6gSgD+panpB3y8rSJzCqnPP/zQ=,1+Lldcl4KXIm/BOVjCdfmjjqV6M=
-14,-60,w6gSgD+panpB3y8rSJzCqnPP/zQ=,1+Lldcl4KXIm/BOVjCdfmjjqV6M=
-9,-62,w6gSgD+panpB3y8rSJzCqnPP/zQ=,1+Lldcl4KXIm/BOVjCdfmjjqV6M=
-10,-63,w6gSgD+panpB3y8rSJzCqnPP/zQ=,1+Lldcl4KXIm/BOVjCdfmjjqV6M=
-3,-61,w6gSgD+panpB3y8rSJzCqnPP/zQ=,1+Lldcl4KXIm/BOVjCdfmjjqV6M=
-4,-61,w6gSgD+panpB3y8rSJzCqnPP/zQ=,1+Lldcl4KXIm/BOVjCdfmjjqV6M=
-5,-61,w6gSgD+panpB3y8rSJzCqnPP/zQ=,1+Lldcl4KXIm/BOVjCdfmjjqV6M=
-7,-61,w6gSgD+panpB3y8rSJzCqnPP/zQ=,1+Lldcl4KXIm/BOVjCdfmjjqV6M=
-8,-61,w6gSgD+panpB3y8rSJzCqnPP/zQ=,1+Lldcl4KXIm/BOVjCdfmjjqV6M=
-6,-61,w6gSgD+panpB3y8rSJzCqnPP/zQ=,1+Lldcl4KXIm/BOVjCdfmjjqV6M=
-2,-49,w6gSgD+panpB3y8rSJzCqnPP/zQ=,1+Lldcl4KXIm/BOVjCdfmjjqV6M=
-15,-49,w6gSgD+panpB3y8rSJzCqnPP/zQ=,1+Lldcl4KXIm/BOVjCdfmjjqV6M=
-14,-49,w6gSgD+panpB3y8rSJzCqnPP/zQ=,1+Lldcl4KXIm/BOVjCdfmjjqV6M=
-5,-49,w6gSgD+panpB3y8rSJzCqnPP/zQ=,1+Lldcl4KXIm/BOVjCdfmjjqV6M=
-2,-61,w6gSgD+panpB3y8rSJzCqnPP/zQ=,1+Lldcl4KXIm/BOVjCdfmjjqV6M=
-13,-49,w6gSgD+panpB3y8rSJzCqnPP/zQ=,1+Lldcl4KXIm/BOVjCdfmjjqV6M=
-8,-49,w6gSgD+panpB3y8rSJzCqnPP/zQ=,1+Lldcl4KXIm/BOVjCdfmjjqV6M=
-9,-49,w6gSgD+panpB3y8rSJzCqnPP/zQ=,1+Lldcl4KXIm/BOVjCdfmjjqV6M=
-7,-49,w6gSgD+panpB3y8rSJzCqnPP/zQ=,1+Lldcl4KXIm/BOVjCdfmjjqV6M=
-1,-49,w6gSgD+panpB3y8rSJzCqnPP/zQ=,1+Lldcl4KXIm/BOVjCdfmjjqV6M=
-16,-64,w6gSgD+panpB3y8rSJzCqnPP/zQ=,1+Lldcl4KXIm/BOVjCdfmjjqV6M=
-16,-59,w6gSgD+panpB3y8rSJzCqnPP/zQ=,1+Lldcl4KXIm/BOVjCdfmjjqV6M=
-16,-57,w6gSgD+panpB3y8rSJzCqnPP/zQ=,1+Lldcl4KXIm/BOVjCdfmjjqV6M=
-16,-58,w6gSgD+panpB3y8rSJzCqnPP/zQ=,1+Lldcl4KXIm/BOVjCdfmjjqV6M=
-16,-56,w6gSgD+panpB3y8rSJzCqnPP/zQ=,1+Lldcl4KXIm/BOVjCdfmjjqV6M=
-16,-55,w6gSgD+panpB3y8rSJzCqnPP/zQ=,1+Lldcl4KXIm/BOVjCdfmjjqV6M=
-16,-54,w6gSgD+panpB3y8rSJzCqnPP/zQ=,1+Lldcl4KXIm/BOVjCdfmjjqV6M=
-16,-53,w6gSgD+panpB3y8rSJzCqnPP/zQ=,1+Lldcl4KXIm/BOVjCdfmjjqV6M=
-16,-61,w6gSgD+panpB3y8rSJzCqnPP/zQ=,1+Lldcl4KXIm/BOVjCdfmjjqV6M=
-16,-52,w6gSgD+panpB3y8rSJzCqnPP/zQ=,1+Lldcl4KXIm/BOVjCdfmjjqV6M=
-16,-51,w6gSgD+panpB3y8rSJzCqnPP/zQ=,1+Lldcl4KXIm/BOVjCdfmjjqV6M=
-16,-50,w6gSgD+panpB3y8rSJzCqnPP/zQ=,1+Lldcl4KXIm/BOVjCdfmjjqV6M=
-1,-64,w6gSgD+panpB3y8rSJzCqnPP/zQ=,1+Lldcl4KXIm/BOVjCdfmjjqV6M=
-16,-49,w6gSgD+panpB3y8rSJzCqnPP/zQ=,1+Lldcl4KXIm/BOVjCdfmjjqV6M=
-4,-51,w6gSgD+panpB3y8rSJzCqnPP/zQ=,1+Lldcl4KXIm/BOVjCdfmjjqV6M=
-11,-62,w6gSgD+panpB3y8rSJzCqnPP/zQ=,1+Lldcl4KXIm/BOVjCdfmjjqV6M=
-12,-49,w6gSgD+panpB3y8rSJzCqnPP/zQ=,1+Lldcl4KXIm/BOVjCdfmjjqV6M=
-4,-50,w6gSgD+panpB3y8rSJzCqnPP/zQ=,1+Lldcl4KXIm/BOVjCdfmjjqV6M=
-11,-61,w6gSgD+panpB3y8rSJzCqnPP/zQ=,1+Lldcl4KXIm/BOVjCdfmjjqV6M=
-2,-51,w6gSgD+panpB3y8rSJzCqnPP/zQ=,1+Lldcl4KXIm/BOVjCdfmjjqV6M=
-6,-49,w6gSgD+panpB3y8rSJzCqnPP/zQ=,1+Lldcl4KXIm/BOVjCdfmjjqV6M=
-11,-49,w6gSgD+panpB3y8rSJzCqnPP/zQ=,1+Lldcl4KXIm/BOVjCdfmjjqV6M=
-2,-52,w6gSgD+panpB3y8rSJzCqnPP/zQ=,1+Lldcl4KXIm/BOVjCdfmjjqV6M=
-13,-62,w6gSgD+panpB3y8rSJzCqnPP/zQ=,1+Lldcl4KXIm/BOVjCdfmjjqV6M=
-10,-49,w6gSgD+panpB3y8rSJzCqnPP/zQ=,1+Lldcl4KXIm/BOVjCdfmjjqV6M=
-4,-57,w6gSgD+panpB3y8rSJzCqnPP/zQ=,1+Lldcl4KXIm/BOVjCdfmjjqV6M=
-3,-51,w6gSgD+panpB3y8rSJzCqnPP/zQ=,1+Lldcl4KXIm/BOVjCdfmjjqV6M=
-15,-62,w6gSgD+panpB3y8rSJzCqnPP/zQ=,1+Lldcl4KXIm/BOVjCdfmjjqV6M=
-13,-61,w6gSgD+panpB3y8rSJzCqnPP/zQ=,1+Lldcl4KXIm/BOVjCdfmjjqV6M=
-8,-60,w6gSgD+panpB3y8rSJzCqnPP/zQ=,1+Lldcl4KXIm/BOVjCdfmjjqV6M=
-9,-59,w6gSgD+panpB3y8rSJzCqnPP/zQ=,1+Lldcl4KXIm/BOVjCdfmjjqV6M=
-10,-59,w6gSgD+panpB3y8rSJzCqnPP/zQ=,1+Lldcl4KXIm/BOVjCdfmjjqV6M=
-4,-49,w6gSgD+panpB3y8rSJzCqnPP/zQ=,1+Lldcl4KXIm/BOVjCdfmjjqV6M=
-13,-58,w6gSgD+panpB3y8rSJzCqnPP/zQ=,1+Lldcl4KXIm/BOVjCdfmjjqV6M=
-3,-52,w6gSgD+panpB3y8rSJzCqnPP/zQ=,1+Lldcl4KXIm/BOVjCdfmjjqV6M=
-12,-58,w6gSgD+panpB3y8rSJzCqnPP/zQ=,1+Lldcl4KXIm/BOVjCdfmjjqV6M=
-16,-63,w6gSgD+panpB3y8rSJzCqnPP/zQ=,1+Lldcl4KXIm/BOVjCdfmjjqV6M=
-11,-60,w6gSgD+panpB3y8rSJzCqnPP/zQ=,1+Lldcl4KXIm/BOVjCdfmjjqV6M=
-5,-58,w6gSgD+panpB3y8rSJzCqnPP/zQ=,1+Lldcl4KXIm/BOVjCdfmjjqV6M=
-16,-62,w6gSgD+panpB3y8rSJzCqnPP/zQ=,1+Lldcl4KXIm/BOVjCdfmjjqV6M=
-5,-52,w6gSgD+panpB3y8rSJzCqnPP/zQ=,1+Lldcl4KXIm/BOVjCdfmjjqV6M=
-6,-55,w6gSgD+panpB3y8rSJzCqnPP/zQ=,1+Lldcl4KXIm/BOVjCdfmjjqV6M=
-5,-56,w6gSgD+panpB3y8rSJzCqnPP/zQ=,1+Lldcl4KXIm/BOVjCdfmjjqV6M=
-14,-62,w6gSgD+panpB3y8rSJzCqnPP/zQ=,1+Lldcl4KXIm/BOVjCdfmjjqV6M=
-2,-53,w6gSgD+panpB3y8rSJzCqnPP/zQ=,1+Lldcl4KXIm/BOVjCdfmjjqV6M=
-3,-56,w6gSgD+panpB3y8rSJzCqnPP/zQ=,1+Lldcl4KXIm/BOVjCdfmjjqV6M=
-1,-51,w6gSgD+panpB3y8rSJzCqnPP/zQ=,1+Lldcl4KXIm/BOVjCdfmjjqV6M=
-7,-56,w6gSgD+panpB3y8rSJzCqnPP/zQ=,1+Lldcl4KXIm/BOVjCdfmjjqV6M=
-6,-58,w6gSgD+panpB3y8rSJzCqnPP/zQ=,1+Lldcl4KXIm/BOVjCdfmjjqV6M=
-8,-57,w6gSgD+panpB3y8rSJzCqnPP/zQ=,1+Lldcl4KXIm/BOVjCdfmjjqV6M=
-3,-49,w6gSgD+panpB3y8rSJzCqnPP/zQ=,1+Lldcl4KXIm/BOVjCdfmjjqV6M=
-7,-59,w6gSgD+panpB3y8rSJzCqnPP/zQ=,1+Lldcl4KXIm/BOVjCdfmjjqV6M=
-15,-60,w6gSgD+panpB3y8rSJzCqnPP/zQ=,1+Lldcl4KXIm/BOVjCdfmjjqV6M=
-1,-52,w6gSgD+panpB3y8rSJzCqnPP/zQ=,1+Lldcl4KXIm/BOVjCdfmjjqV6M=
-15,-61,w6gSgD+panpB3y8rSJzCqnPP/zQ=,1+Lldcl4KXIm/BOVjCdfmjjqV6M=
-3,-53,w6gSgD+panpB3y8rSJzCqnPP/zQ=,1+Lldcl4KXIm/BOVjCdfmjjqV6M=
-16,-60,w6gSgD+panpB3y8rSJzCqnPP/zQ=,1+Lldcl4KXIm/BOVjCdfmjjqV6M=
-15,-63,w6gSgD+panpB3y8rSJzCqnPP/zQ=,1+Lldcl4KXIm/BOVjCdfmjjqV6M=
