11,10,sZvkE5QpkDHMd/xvviuM7/QwNWw=,/ysQ9GDW9VKs+rEf3lXY0Ryn25k=
11,13,sZvkE5QpkDHMd/xvviuM7/QwNWw=,/ysQ9GDW9VKs+rEf3lXY0Ryn25k=
7,13,sZvkE5QpkDHMd/xvviuM7/QwNWw=,/ysQ9GDW9VKs+rEf3lXY0Ryn25k=
10,13,sZvkE5QpkDHMd/xvviuM7/QwNWw=,/ysQ9GDW9VKs+rEf3lXY0Ryn25k=
6,13,sZvkE5QpkDHMd/xvviuM7/QwNWw=,/ysQ9GDW9VKs+rEf3lXY0Ryn25k=
8,13,sZvkE5QpkDHMd/xvviuM7/QwNWw=,/ysQ9GDW9VKs+rEf3lXY0Ryn25k=
12,10,sZvkE5QpkDHMd/xvviuM7/QwNWw=,/ysQ9GDW9VKs+rEf3lXY0Ryn25k=
15,3,sZvkE5QpkDHMd/xvviuM7/QwNWw=,/ysQ9GDW9VKs+rEf3lXY0Ryn25k=
9,13,sZvkE5QpkDHMd/xvviuM7/QwNWw=,/ysQ9GDW9VKs+rEf3lXY0Ryn25k=
14,15,sZvkE5QpkDHMd/xvviuM7/QwNWw=,/ysQ9GDW9VKs+rEf3lXY0Ryn25k=
14,3,sZvkE5QpkDHMd/xvviuM7/QwNWw=,/ysQ9GDW9VKs+rEf3lXY0Ryn25k=
5,13,sZvkE5QpkDHMd/xvviuM7/QwNWw=,/ysQ9GDW9VKs+rEf3lXY0Ryn25k=
13,15,sZvkE5QpkDHMd/xvviuM7/QwNWw=,/ysQ9GDW9VKs+rEf3lXY0Ryn25k=
4,13,sZvkE5QpkDHMd/xvviuM7/QwNWw=,/ysQ9GDW9VKs+rEf3lXY0Ryn25k=
3,0,sZvkE5QpkDHMd/xvviuM7/QwNWw=,/ysQ9GDW9VKs+rEf3lXY0Ryn25k=
3,13,sZvkE5QpkDHMd/xvviuM7/QwNWw=,/ysQ9GDW9VKs+rEf3lXY0Ryn25k=
15,0,sZvkE5QpkDHMd/xvviuM7/QwNWw=,/ysQ9GDW9VKs+rEf3lXY0Ryn25k=
9,10,sZvkE5QpkDHMd/xvviuM7/QwNWw=,/ysQ9GDW9VKs+rEf3lXY0Ryn25k=
2,13,sZvkE5QpkDHMd/xvviuM7/QwNWw=,/ysQ9GDW9VKs+rEf3lXY0Ryn25k=
10,10,sZvkE5QpkDHMd/xvviuM7/QwNWw=,/ysQ9GDW9VKs+rEf3lXY0Ryn25k=
8,10,sZvkE5QpkDHMd/xvviuM7/QwNWw=,/ysQ9GDW9VKs+rEf3lXY0Ryn25k=
11,7,sZvkE5QpkDHMd/xvviuM7/QwNWw=,/ysQ9GDW9VKs+rEf3lXY0Ryn25k=
6,1,sZvkE5QpkDHMd/xvviuM7/QwNWw=,/ysQ9GDW9VKs+rEf3lXY0Ryn25k=
15,15,sZvkE5QpkDHMd/xvviuM7/QwNWw=,/ysQ9GDW9VKs+rEf3lXY0Ryn25k=
13,10,sZvkE5QpkDHMd/xvviuM7/QwNWw=,/ysQ9GDW9VKs+rEf3lXY0Ryn25k=
12,15,sZvkE5QpkDHMd/xvviuM7/QwNWw=,/ysQ9GDW9VKs+rEf3lXY0Ryn25k=
13,3,sZvkE5QpkDHMd/xvviuM7/QwNWw=,/ysQ9GDW9VKs+rEf3lXY0Ryn25k=
9,7,sZvkE5QpkDHMd/xvviuM7/QwNWw=,/ysQ9GDW9VKs+rEf3lXY0Ryn25k=
14,0,sZvkE5QpkDHMd/xvviuM7/QwNWw=,/ysQ9GDW9VKs+rEf3lXY0Ryn25k=
8,7,sZvkE5QpkDHMd/xvviuM7/QwNWw=,/ysQ9GDW9VKs+rEf3lXY0Ryn25k=
11,15,sZvkE5QpkDHMd/xvviuM7/QwNWw=,/ysQ9GDW9VKs+rEf3lXY0Ryn25k=
7,1,UNTISD77b+zbgpHVeft4BCOgjCM=,/ysQ9GDW9VKs+rEf3lXY0Ryn25k=
1,13,sZvkE5QpkDHMd/xvviuM7/QwNWw=,/ysQ9GDW9VKs+rEf3lXY0Ryn25k=
7,7,sZvkE5QpkDHMd/xvviuM7/QwNWw=,/ysQ9GDW9VKs+rEf3lXY0Ryn25k=
6,10,sZvkE5QpkDHMd/xvviuM7/QwNWw=,/ysQ9GDW9VKs+rEf3lXY0Ryn25k=
5,10,sZvkE5QpkDHMd/xvviuM7/QwNWw=,/ysQ9GDW9VKs+rEf3lXY0Ryn25k=
7,10,sZvkE5QpkDHMd/xvviuM7/QwNWw=,/ysQ9GDW9VKs+rEf3lXY0Ryn25k=
10,3,sZvkE5QpkDHMd/xvviuM7/QwNWw=,/ysQ9GDW9VKs+rEf3lXY0Ryn25k=
6,7,sZvkE5QpkDHMd/xvviuM7/QwNWw=,/ysQ9GDW9VKs+rEf3lXY0Ryn25k=
10,15,sZvkE5QpkDHMd/xvviuM7/QwNWw=,/ysQ9GDW9VKs+rEf3lXY0Ryn25k=
0,13,sZvkE5QpkDHMd/xvviuM7/QwNWw=,/ysQ9GDW9VKs+rEf3lXY0Ryn25k=
3,10,sZvkE5QpkDHMd/xvviuM7/QwNWw=,/ysQ9GDW9VKs+rEf3lXY0Ryn25k=
8,1,UNTISD77b+zbgpHVeft4BCOgjCM=,/ysQ9GDW9VKs+rEf3lXY0Ryn25k=
11,3,sZvkE5QpkDHMd/xvviuM7/QwNWw=,/ysQ9GDW9VKs+rEf3lXY0Ryn25k=
7,15,sZvkE5QpkDHMd/xvviuM7/QwNWw=,/ysQ9GDW9VKs+rEf3lXY0Ryn25k=
9,15,sZvkE5QpkDHMd/xvviuM7/QwNWw=,/ysQ9GDW9VKs+rEf3lXY0Ryn25k=
8,15,sZvkE5QpkDHMd/xvviuM7/QwNWw=,/ysQ9GDW9VKs+rEf3lXY0Ryn25k=
9,3,sZvkE5QpkDHMd/xvviuM7/QwNWw=,/ysQ9GDW9VKs+rEf3lXY0Ryn25k=
15,12,sZvkE5QpkDHMd/xvviuM7/QwNWw=,/ysQ9GDW9VKs+rEf3lXY0Ryn25k=
2,10,sZvkE5QpkDHMd/xvviuM7/QwNWw=,/ysQ9GDW9VKs+rEf3lXY0Ryn25k=
14,9,sZvkE5QpkDHMd/xvviuM7/QwNWw=,/ysQ9GDW9VKs+rEf3lXY0Ryn25k=
15,9,sZvkE5QpkDHMd/xvviuM7/QwNWw=,/ysQ9GDW9VKs+rEf3lXY0Ryn25k=
6,15,sZvkE5QpkDHMd/xvviuM7/QwNWw=,/ysQ9GDW9VKs+rEf3lXY0Ryn25k=
4,10,sZvkE5QpkDHMd/xvviuM7/QwNWw=,/ysQ9GDW9VKs+rEf3lXY0Ryn25k=
7,3,sZvkE5QpkDHMd/xvviuM7/QwNWw=,/ysQ9GDW9VKs+rEf3lXY0Ryn25k=
14,12,sZvkE5QpkDHMd/xvviuM7/QwNWw=,/ysQ9GDW9VKs+rEf3lXY0Ryn25k=
8,3,sZvkE5QpkDHMd/xvviuM7/QwNWw=,/ysQ9GDW9VKs+rEf3lXY0Ryn25k=
13,9,sZvkE5QpkDHMd/xvviuM7/QwNWw=,/ysQ9GDW9VKs+rEf3lXY0Ryn25k=
12,9,sZvkE5QpkDHMd/xvviuM7/QwNWw=,/ysQ9GDW9VKs+rEf3lXY0Ryn25k=
0,10,sZvkE5QpkDHMd/xvviuM7/QwNWw=,/ysQ9GDW9VKs+rEf3lXY0Ryn25k=
1,10,sZvkE5QpkDHMd/xvviuM7/QwNWw=,/ysQ9GDW9VKs+rEf3lXY0Ryn25k=
9,1,sZvkE5QpkDHMd/xvviuM7/QwNWw=,/ysQ9GDW9VKs+rEf3lXY0Ryn25k=
13,12,sZvkE5QpkDHMd/xvviuM7/QwNWw=,/ysQ9GDW9VKs+rEf3lXY0Ryn25k=
10,7,sZvkE5QpkDHMd/xvviuM7/QwNWw=,/ysQ9GDW9VKs+rEf3lXY0Ryn25k=
11,9,sZvkE5QpkDHMd/xvviuM7/QwNWw=,/ysQ9GDW9VKs+rEf3lXY0Ryn25k=
5,7,sZvkE5QpkDHMd/xvviuM7/QwNWw=,/ysQ9GDW9VKs+rEf3lXY0Ryn25k=
0,7,sZvkE5QpkDHMd/xvviuM7/QwNWw=,/ysQ9GDW9VKs+rEf3lXY0Ryn25k=
12,3,sZvkE5QpkDHMd/xvviuM7/QwNWw=,/ysQ9GDW9VKs+rEf3lXY0Ryn25k=
9,9,sZvkE5QpkDHMd/xvviuM7/QwNWw=,/ysQ9GDW9VKs+rEf3lXY0Ryn25k=
12,0,sZvkE5QpkDHMd/xvviuM7/QwNWw=,/ysQ9GDW9VKs+rEf3lXY0Ryn25k=
4,7,sZvkE5QpkDHMd/xvviuM7/QwNWw=,/ysQ9GDW9VKs+rEf3lXY0Ryn25k=
1,7,sZvkE5QpkDHMd/xvviuM7/QwNWw=,/ysQ9GDW9VKs+rEf3lXY0Ryn25k=
8,9,sZvkE5QpkDHMd/xvviuM7/QwNWw=,/ysQ9GDW9VKs+rEf3lXY0Ryn25k=
14,6,sZvkE5QpkDHMd/xvviuM7/QwNWw=,/ysQ9GDW9VKs+rEf3lXY0Ryn25k=
12,7,sZvkE5QpkDHMd/xvviuM7/QwNWw=,/ysQ9GDW9VKs+rEf3lXY0Ryn25k=
2,7,sZvkE5QpkDHMd/xvviuM7/QwNWw=,/ysQ9GDW9VKs+rEf3lXY0Ryn25k=
15,6,sZvkE5QpkDHMd/xvviuM7/QwNWw=,/ysQ9GDW9VKs+rEf3lXY0Ryn25k=
7,9,sZvkE5QpkDHMd/xvviuM7/QwNWw=,/ysQ9GDW9VKs+rEf3lXY0Ryn25k=
10,9,sZvkE5QpkDHMd/xvviuM7/QwNWw=,/ysQ9GDW9VKs+rEf3lXY0Ryn25k=
12,12,sZvkE5QpkDHMd/xvviuM7/QwNWw=,/ysQ9GDW9VKs+rEf3lXY0Ryn25k=
5,15,sZvkE5QpkDHMd/xvviuM7/QwNWw=,/ysQ9GDW9VKs+rEf3lXY0Ryn25k=
3,7,sZvkE5QpkDHMd/xvviuM7/QwNWw=,/ysQ9GDW9VKs+rEf3lXY0Ryn25k=
4,15,sZvkE5QpkDHMd/xvviuM7/QwNWw=,/ysQ9GDW9VKs+rEf3lXY0Ryn25k=
2,0,sZvkE5QpkDHMd/xvviuM7/QwNWw=,/ysQ9GDW9VKs+rEf3lXY0Ryn25k=
3,9,sZvkE5QpkDHMd/xvviuM7/QwNWw=,/ysQ9GDW9VKs+rEf3lXY0Ryn25k=
2,15,sZvkE5QpkDHMd/xvviuM7/QwNWw=,/ysQ9GDW9VKs+rEf3lXY0Ryn25k=
3,15,sZvkE5QpkDHMd/xvviuM7/QwNWw=,/ysQ9GDW9VKs+rEf3lXY0Ryn25k=
12,13,sZvkE5QpkDHMd/xvviuM7/QwNWw=,/ysQ9GDW9VKs+rEf3lXY0Ryn25k=
1,15,sZvkE5QpkDHMd/xvviuM7/QwNWw=,/ysQ9GDW9VKs+rEf3lXY0Ryn25k=
10,12,sZvkE5QpkDHMd/xvviuM7/QwNWw=,/ysQ9GDW9VKs+rEf3lXY0Ryn25k=
4,9,sZvkE5QpkDHMd/xvviuM7/QwNWw=,/ysQ9GDW9VKs+rEf3lXY0Ryn25k=
13,6,sZvkE5QpkDHMd/xvviuM7/QwNWw=,/ysQ9GDW9VKs+rEf3lXY0Ryn25k=
15,14,sZvkE5QpkDHMd/xvviuM7/QwNWw=,/ysQ9GDW9VKs+rEf3lXY0Ryn25k=
11,12,sZvkE5QpkDHMd/xvviuM7/QwNWw=,/ysQ9GDW9VKs+rEf3lXY0Ryn25k=
11,0,sZvkE5QpkDHMd/xvviuM7/QwNWw=,/ysQ9GDW9VKs+rEf3lXY0Ryn25k=
14,14,sZvkE5QpkDHMd/xvviuM7/QwNWw=,/ysQ9GDW9VKs+rEf3lXY0Ryn25k=
13,14,sZvkE5QpkDHMd/xvviuM7/QwNWw=,/ysQ9GDW9VKs+rEf3lXY0Ryn25k=
5,9,sZvkE5QpkDHMd/xvviuM7/QwNWw=,/ysQ9GDW9VKs+rEf3lXY0Ryn25k=
9,12,sZvkE5QpkDHMd/xvviuM7/QwNWw=,/ysQ9GDW9VKs+rEf3lXY0Ryn25k=
12,14,sZvkE5QpkDHMd/xvviuM7/QwNWw=,/ysQ9GDW9VKs+rEf3lXY0Ryn25k=
5,1,sZvkE5QpkDHMd/xvviuM7/QwNWw=,/ysQ9GDW9VKs+rEf3lXY0Ryn25k=
0,1,sZvkE5QpkDHMd/xvviuM7/QwNWw=,/ysQ9GDW9VKs+rEf3lXY0Ryn25k=
11,14,sZvkE5QpkDHMd/xvviuM7/QwNWw=,/ysQ9GDW9VKs+rEf3lXY0Ryn25k=
0,15,sZvkE5QpkDHMd/xvviuM7/QwNWw=,/ysQ9GDW9VKs+rEf3lXY0Ryn25k=
13,13,sZvkE5QpkDHMd/xvviuM7/QwNWw=,/ysQ9GDW9VKs+rEf3lXY0Ryn25k=
12,6,sZvkE5QpkDHMd/xvviuM7/QwNWw=,/ysQ9GDW9VKs+rEf3lXY0Ryn25k=
8,6,sZvkE5QpkDHMd/xvviuM7/QwNWw=,/ysQ9GDW9VKs+rEf3lXY0Ryn25k=
10,6,sZvkE5QpkDHMd/xvviuM7/QwNWw=,/ysQ9GDW9VKs+rEf3lXY0Ryn25k=
9,6,sZvkE5QpkDHMd/xvviuM7/QwNWw=,/ysQ9GDW9VKs+rEf3lXY0Ryn25k=
7,6,sZvkE5QpkDHMd/xvviuM7/QwNWw=,/ysQ9GDW9VKs+rEf3lXY0Ryn25k=
15,8,sZvkE5QpkDHMd/xvviuM7/QwNWw=,/ysQ9GDW9VKs+rEf3lXY0Ryn25k=
11,6,sZvkE5QpkDHMd/xvviuM7/QwNWw=,/ysQ9GDW9VKs+rEf3lXY0Ryn25k=
6,6,sZvkE5QpkDHMd/xvviuM7/QwNWw=,/ysQ9GDW9VKs+rEf3lXY0Ryn25k=
14,8,sZvkE5QpkDHMd/xvviuM7/QwNWw=,/ysQ9GDW9VKs+rEf3lXY0Ryn25k=
2,9,sZvkE5QpkDHMd/xvviuM7/QwNWw=,/ysQ9GDW9VKs+rEf3lXY0Ryn25k=
4,6,sZvkE5QpkDHMd/xvviuM7/QwNWw=,/ysQ9GDW9VKs+rEf3lXY0Ryn25k=
10,0,sZvkE5QpkDHMd/xvviuM7/QwNWw=,/ysQ9GDW9VKs+rEf3lXY0Ryn25k=
6,3,sZvkE5QpkDHMd/xvviuM7/QwNWw=,/ysQ9GDW9VKs+rEf3lXY0Ryn25k=
10,14,sZvkE5QpkDHMd/xvviuM7/QwNWw=,/ysQ9GDW9VKs+rEf3lXY0Ryn25k=
1,9,sZvkE5QpkDHMd/xvviuM7/QwNWw=,/ysQ9GDW9VKs+rEf3lXY0Ryn25k=
9,14,sZvkE5QpkDHMd/xvviuM7/QwNWw=,/ysQ9GDW9VKs+rEf3lXY0Ryn25k=
2,3,sZvkE5QpkDHMd/xvviuM7/QwNWw=,/ysQ9GDW9VKs+rEf3lXY0Ryn25k=
8,14,sZvkE5QpkDHMd/xvviuM7/QwNWw=,/ysQ9GDW9VKs+rEf3lXY0Ryn25k=
0,0,sZvkE5QpkDHMd/xvviuM7/QwNWw=,/ysQ9GDW9VKs+rEf3lXY0Ryn25k=
13,8,sZvkE5QpkDHMd/xvviuM7/QwNWw=,/ysQ9GDW9VKs+rEf3lXY0Ryn25k=
15,5,dpGUL6o+uv7RD2FSEhm8kyYEcyU=,/ysQ9GDW9VKs+rEf3lXY0Ryn25k=
14,10,sZvkE5QpkDHMd/xvviuM7/QwNWw=,/ysQ9GDW9VKs+rEf3lXY0Ryn25k=
3,6,sZvkE5QpkDHMd/xvviuM7/QwNWw=,/ysQ9GDW9VKs+rEf3lXY0Ryn25k=
5,6,sZvkE5QpkDHMd/xvviuM7/QwNWw=,/ysQ9GDW9VKs+rEf3lXY0Ryn25k=
4,3,sZvkE5QpkDHMd/xvviuM7/QwNWw=,/ysQ9GDW9VKs+rEf3lXY0Ryn25k=
0,6,sZvkE5QpkDHMd/xvviuM7/QwNWw=,/ysQ9GDW9VKs+rEf3lXY0Ryn25k=
5,3,sZvkE5QpkDHMd/xvviuM7/QwNWw=,/ysQ9GDW9VKs+rEf3lXY0Ryn25k=
8,12,sZvkE5QpkDHMd/xvviuM7/QwNWw=,/ysQ9GDW9VKs+rEf3lXY0Ryn25k=
15,2,sZvkE5QpkDHMd/xvviuM7/QwNWw=,/ysQ9GDW9VKs+rEf3lXY0Ryn25k=
13,7,sZvkE5QpkDHMd/xvviuM7/QwNWw=,/ysQ9GDW9VKs+rEf3lXY0Ryn25k=
1,3,sZvkE5QpkDHMd/xvviuM7/QwNWw=,/ysQ9GDW9VKs+rEf3lXY0Ryn25k=
3,3,sZvkE5QpkDHMd/xvviuM7/QwNWw=,/ysQ9GDW9VKs+rEf3lXY0Ryn25k=
15,10,sZvkE5QpkDHMd/xvviuM7/QwNWw=,/ysQ9GDW9VKs+rEf3lXY0Ryn25k=
5,14,dpGUL6o+uv7RD2FSEhm8kyYEcyU=,/ysQ9GDW9VKs+rEf3lXY0Ryn25k=
1,6,sZvkE5QpkDHMd/xvviuM7/QwNWw=,/ysQ9GDW9VKs+rEf3lXY0Ryn25k=
7,14,sZvkE5QpkDHMd/xvviuM7/QwNWw=,/ysQ9GDW9VKs+rEf3lXY0Ryn25k=
14,7,sZvkE5QpkDHMd/xvviuM7/QwNWw=,/ysQ9GDW9VKs+rEf3lXY0Ryn25k=
6,14,sZvkE5QpkDHMd/xvviuM7/QwNWw=,/ysQ9GDW9VKs+rEf3lXY0Ryn25k=
14,2,sZvkE5QpkDHMd/xvviuM7/QwNWw=,/ysQ9GDW9VKs+rEf3lXY0Ryn25k=
11,8,sZvkE5QpkDHMd/xvviuM7/QwNWw=,/ysQ9GDW9VKs+rEf3lXY0Ryn25k=
12,8,sZvkE5QpkDHMd/xvviuM7/QwNWw=,/ysQ9GDW9VKs+rEf3lXY0Ryn25k=
4,1,sZvkE5QpkDHMd/xvviuM7/QwNWw=,/ysQ9GDW9VKs+rEf3lXY0Ryn25k=
0,3,sZvkE5QpkDHMd/xvviuM7/QwNWw=,/ysQ9GDW9VKs+rEf3lXY0Ryn25k=
15,7,sZvkE5QpkDHMd/xvviuM7/QwNWw=,/ysQ9GDW9VKs+rEf3lXY0Ryn25k=
2,6,sZvkE5QpkDHMd/xvviuM7/QwNWw=,/ysQ9GDW9VKs+rEf3lXY0Ryn25k=
8,0,sZvkE5QpkDHMd/xvviuM7/QwNWw=,/ysQ9GDW9VKs+rEf3lXY0Ryn25k=
7,12,sZvkE5QpkDHMd/xvviuM7/QwNWw=,/ysQ9GDW9VKs+rEf3lXY0Ryn25k=
0,9,sZvkE5QpkDHMd/xvviuM7/QwNWw=,/ysQ9GDW9VKs+rEf3lXY0Ryn25k=
13,5,sZvkE5QpkDHMd/xvviuM7/QwNWw=,/ysQ9GDW9VKs+rEf3lXY0Ryn25k=
3,1,sZvkE5QpkDHMd/xvviuM7/QwNWw=,/ysQ9GDW9VKs+rEf3lXY0Ryn25k=
10,2,sZvkE5QpkDHMd/xvviuM7/QwNWw=,/ysQ9GDW9VKs+rEf3lXY0Ryn25k=
13,2,sZvkE5QpkDHMd/xvviuM7/QwNWw=,/ysQ9GDW9VKs+rEf3lXY0Ryn25k=
11,5,sZvkE5QpkDHMd/xvviuM7/QwNWw=,/ysQ9GDW9VKs+rEf3lXY0Ryn25k=
12,5,sZvkE5QpkDHMd/xvviuM7/QwNWw=,/ysQ9GDW9VKs+rEf3lXY0Ryn25k=
9,5,sZvkE5QpkDHMd/xvviuM7/QwNWw=,/ysQ9GDW9VKs+rEf3lXY0Ryn25k=
10,5,sZvkE5QpkDHMd/xvviuM7/QwNWw=,/ysQ9GDW9VKs+rEf3lXY0Ryn25k=
0,11,sZvkE5QpkDHMd/xvviuM7/QwNWw=,/ysQ9GDW9VKs+rEf3lXY0Ryn25k=
9,2,sZvkE5QpkDHMd/xvviuM7/QwNWw=,/ysQ9GDW9VKs+rEf3lXY0Ryn25k=
8,5,sZvkE5QpkDHMd/xvviuM7/QwNWw=,/ysQ9GDW9VKs+rEf3lXY0Ryn25k=
8,2,sZvkE5QpkDHMd/xvviuM7/QwNWw=,/ysQ9GDW9VKs+rEf3lXY0Ryn25k=
7,5,sZvkE5QpkDHMd/xvviuM7/QwNWw=,/ysQ9GDW9VKs+rEf3lXY0Ryn25k=
11,2,sZvkE5QpkDHMd/xvviuM7/QwNWw=,/ysQ9GDW9VKs+rEf3lXY0Ryn25k=
6,12,sZvkE5QpkDHMd/xvviuM7/QwNWw=,/ysQ9GDW9VKs+rEf3lXY0Ryn25k=
6,5,sZvkE5QpkDHMd/xvviuM7/QwNWw=,/ysQ9GDW9VKs+rEf3lXY0Ryn25k=
10,8,sZvkE5QpkDHMd/xvviuM7/QwNWw=,/ysQ9GDW9VKs+rEf3lXY0Ryn25k=
12,2,sZvkE5QpkDHMd/xvviuM7/QwNWw=,/ysQ9GDW9VKs+rEf3lXY0Ryn25k=
4,14,dpGUL6o+uv7RD2FSEhm8kyYEcyU=,/ysQ9GDW9VKs+rEf3lXY0Ryn25k=
14,5,dpGUL6o+uv7RD2FSEhm8kyYEcyU=,/ysQ9GDW9VKs+rEf3lXY0Ryn25k=
9,8,sZvkE5QpkDHMd/xvviuM7/QwNWw=,/ysQ9GDW9VKs+rEf3lXY0Ryn25k=
8,8,sZvkE5QpkDHMd/xvviuM7/QwNWw=,/ysQ9GDW9VKs+rEf3lXY0Ryn25k=
7,0,sZvkE5QpkDHMd/xvviuM7/QwNWw=,/ysQ9GDW9VKs+rEf3lXY0Ryn25k=
5,12,sZvkE5QpkDHMd/xvviuM7/QwNWw=,/ysQ9GDW9VKs+rEf3lXY0Ryn25k=
7,8,sZvkE5QpkDHMd/xvviuM7/QwNWw=,/ysQ9GDW9VKs+rEf3lXY0Ryn25k=
4,12,sZvkE5QpkDHMd/xvviuM7/QwNWw=,/ysQ9GDW9VKs+rEf3lXY0Ryn25k=
1,11,sZvkE5QpkDHMd/xvviuM7/QwNWw=,/ysQ9GDW9VKs+rEf3lXY0Ryn25k=
3,5,sZvkE5QpkDHMd/xvviuM7/QwNWw=,/ysQ9GDW9VKs+rEf3lXY0Ryn25k=
4,5,sZvkE5QpkDHMd/xvviuM7/QwNWw=,/ysQ9GDW9VKs+rEf3lXY0Ryn25k=
6,8,sZvkE5QpkDHMd/xvviuM7/QwNWw=,/ysQ9GDW9VKs+rEf3lXY0Ryn25k=
7,2,sZvkE5QpkDHMd/xvviuM7/QwNWw=,/ysQ9GDW9VKs+rEf3lXY0Ryn25k=
15,4,sZvkE5QpkDHMd/xvviuM7/QwNWw=,/ysQ9GDW9VKs+rEf3lXY0Ryn25k=
5,5,sZvkE5QpkDHMd/xvviuM7/QwNWw=,/ysQ9GDW9VKs+rEf3lXY0Ryn25k=
1,5,sZvkE5QpkDHMd/xvviuM7/QwNWw=,/ysQ9GDW9VKs+rEf3lXY0Ryn25k=
6,9,sZvkE5QpkDHMd/xvviuM7/QwNWw=,/ysQ9GDW9VKs+rEf3lXY0Ryn25k=
14,4,sZvkE5QpkDHMd/xvviuM7/QwNWw=,/ysQ9GDW9VKs+rEf3lXY0Ryn25k=
3,14,dpGUL6o+uv7RD2FSEhm8kyYEcyU=,/ysQ9GDW9VKs+rEf3lXY0Ryn25k=
0,5,sZvkE5QpkDHMd/xvviuM7/QwNWw=,/ysQ9GDW9VKs+rEf3lXY0Ryn25k=
2,1,UNTISD77b+zbgpHVeft4BCOgjCM=,/ysQ9GDW9VKs+rEf3lXY0Ryn25k=
2,14,sZvkE5QpkDHMd/xvviuM7/QwNWw=,/ysQ9GDW9VKs+rEf3lXY0Ryn25k=
1,1,sZvkE5QpkDHMd/xvviuM7/QwNWw=,/ysQ9GDW9VKs+rEf3lXY0Ryn25k=
4,8,sZvkE5QpkDHMd/xvviuM7/QwNWw=,/ysQ9GDW9VKs+rEf3lXY0Ryn25k=
6,0,sZvkE5QpkDHMd/xvviuM7/QwNWw=,/ysQ9GDW9VKs+rEf3lXY0Ryn25k=
10,1,sZvkE5QpkDHMd/xvviuM7/QwNWw=,/ysQ9GDW9VKs+rEf3lXY0Ryn25k=
2,5,sZvkE5QpkDHMd/xvviuM7/QwNWw=,/ysQ9GDW9VKs+rEf3lXY0Ryn25k=
1,14,sZvkE5QpkDHMd/xvviuM7/QwNWw=,/ysQ9GDW9VKs+rEf3lXY0Ryn25k=
6,2,sZvkE5QpkDHMd/xvviuM7/QwNWw=,/ysQ9GDW9VKs+rEf3lXY0Ryn25k=
3,2,sZvkE5QpkDHMd/xvviuM7/QwNWw=,/ysQ9GDW9VKs+rEf3lXY0Ryn25k=
5,8,sZvkE5QpkDHMd/xvviuM7/QwNWw=,/ysQ9GDW9VKs+rEf3lXY0Ryn25k=
5,2,sZvkE5QpkDHMd/xvviuM7/QwNWw=,/ysQ9GDW9VKs+rEf3lXY0Ryn25k=
10,4,sZvkE5QpkDHMd/xvviuM7/QwNWw=,/ysQ9GDW9VKs+rEf3lXY0Ryn25k=
4,2,sZvkE5QpkDHMd/xvviuM7/QwNWw=,/ysQ9GDW9VKs+rEf3lXY0Ryn25k=
0,14,sZvkE5QpkDHMd/xvviuM7/QwNWw=,/ysQ9GDW9VKs+rEf3lXY0Ryn25k=
14,11,sZvkE5QpkDHMd/xvviuM7/QwNWw=,/ysQ9GDW9VKs+rEf3lXY0Ryn25k=
15,11,sZvkE5QpkDHMd/xvviuM7/QwNWw=,/ysQ9GDW9VKs+rEf3lXY0Ryn25k=
13,4,sZvkE5QpkDHMd/xvviuM7/QwNWw=,/ysQ9GDW9VKs+rEf3lXY0Ryn25k=
11,4,sZvkE5QpkDHMd/xvviuM7/QwNWw=,/ysQ9GDW9VKs+rEf3lXY0Ryn25k=
9,4,sZvkE5QpkDHMd/xvviuM7/QwNWw=,/ysQ9GDW9VKs+rEf3lXY0Ryn25k=
0,12,sZvkE5QpkDHMd/xvviuM7/QwNWw=,/ysQ9GDW9VKs+rEf3lXY0Ryn25k=
1,12,sZvkE5QpkDHMd/xvviuM7/QwNWw=,/ysQ9GDW9VKs+rEf3lXY0Ryn25k=
7,4,sZvkE5QpkDHMd/xvviuM7/QwNWw=,/ysQ9GDW9VKs+rEf3lXY0Ryn25k=
12,4,sZvkE5QpkDHMd/xvviuM7/QwNWw=,/ysQ9GDW9VKs+rEf3lXY0Ryn25k=
13,11,sZvkE5QpkDHMd/xvviuM7/QwNWw=,/ysQ9GDW9VKs+rEf3lXY0Ryn25k=
12,11,sZvkE5QpkDHMd/xvviuM7/QwNWw=,/ysQ9GDW9VKs+rEf3lXY0Ryn25k=
3,8,sZvkE5QpkDHMd/xvviuM7/QwNWw=,/ysQ9GDW9VKs+rEf3lXY0Ryn25k=
2,2,sZvkE5QpkDHMd/xvviuM7/QwNWw=,/ysQ9GDW9VKs+rEf3lXY0Ryn25k=
0,8,sZvkE5QpkDHMd/xvviuM7/QwNWw=,/ysQ9GDW9VKs+rEf3lXY0Ryn25k=
8,4,sZvkE5QpkDHMd/xvviuM7/QwNWw=,/ysQ9GDW9VKs+rEf3lXY0Ryn25k=
2,8,sZvkE5QpkDHMd/xvviuM7/QwNWw=,/ysQ9GDW9VKs+rEf3lXY0Ryn25k=
1,2,sZvkE5QpkDHMd/xvviuM7/QwNWw=,/ysQ9GDW9VKs+rEf3lXY0Ryn25k=
2,12,sZvkE5QpkDHMd/xvviuM7/QwNWw=,/ysQ9GDW9VKs+rEf3lXY0Ryn25k=
15,1,sZvkE5QpkDHMd/xvviuM7/QwNWw=,/ysQ9GDW9VKs+rEf3lXY0Ryn25k=
11,11,sZvkE5QpkDHMd/xvviuM7/QwNWw=,/ysQ9GDW9VKs+rEf3lXY0Ryn25k=
15,13,sZvkE5QpkDHMd/xvviuM7/QwNWw=,/ysQ9GDW9VKs+rEf3lXY0Ryn25k=
6,4,sZvkE5QpkDHMd/xvviuM7/QwNWw=,/ysQ9GDW9VKs+rEf3lXY0Ryn25k=
14,1,sZvkE5QpkDHMd/xvviuM7/QwNWw=,/ysQ9GDW9VKs+rEf3lXY0Ryn25k=
1,8,sZvkE5QpkDHMd/xvviuM7/QwNWw=,/ysQ9GDW9VKs+rEf3lXY0Ryn25k=
10,11,UNTISD77b+zbgpHVeft4BCOgjCM=,/ysQ9GDW9VKs+rEf3lXY0Ryn25k=
9,0,sZvkE5QpkDHMd/xvviuM7/QwNWw=,/ysQ9GDW9VKs+rEf3lXY0Ryn25k=
1,0,sZvkE5QpkDHMd/xvviuM7/QwNWw=,/ysQ9GDW9VKs+rEf3lXY0Ryn25k=
13,0,sZvkE5QpkDHMd/xvviuM7/QwNWw=,/ysQ9GDW9VKs+rEf3lXY0Ryn25k=
0,2,sZvkE5QpkDHMd/xvviuM7/QwNWw=,/ysQ9GDW9VKs+rEf3lXY0Ryn25k=
4,4,sZvkE5QpkDHMd/xvviuM7/QwNWw=,/ysQ9GDW9VKs+rEf3lXY0Ryn25k=
2,4,sZvkE5QpkDHMd/xvviuM7/QwNWw=,/ysQ9GDW9VKs+rEf3lXY0Ryn25k=
3,4,sZvkE5QpkDHMd/xvviuM7/QwNWw=,/ysQ9GDW9VKs+rEf3lXY0Ryn25k=
1,4,sZvkE5QpkDHMd/xvviuM7/QwNWw=,/ysQ9GDW9VKs+rEf3lXY0Ryn25k=
5,4,sZvkE5QpkDHMd/xvviuM7/QwNWw=,/ysQ9GDW9VKs+rEf3lXY0Ryn25k=
6,11,sZvkE5QpkDHMd/xvviuM7/QwNWw=,/ysQ9GDW9VKs+rEf3lXY0Ryn25k=
5,11,sZvkE5QpkDHMd/xvviuM7/QwNWw=,/ysQ9GDW9VKs+rEf3lXY0Ryn25k=
8,11,sZvkE5QpkDHMd/xvviuM7/QwNWw=,/ysQ9GDW9VKs+rEf3lXY0Ryn25k=
4,0,sZvkE5QpkDHMd/xvviuM7/QwNWw=,/ysQ9GDW9VKs+rEf3lXY0Ryn25k=
9,11,sZvkE5QpkDHMd/xvviuM7/QwNWw=,/ysQ9GDW9VKs+rEf3lXY0Ryn25k=
5,0,sZvkE5QpkDHMd/xvviuM7/QwNWw=,/ysQ9GDW9VKs+rEf3lXY0Ryn25k=
14,13,sZvkE5QpkDHMd/xvviuM7/QwNWw=,/ysQ9GDW9VKs+rEf3lXY0Ryn25k=
11,1,sZvkE5QpkDHMd/xvviuM7/QwNWw=,/ysQ9GDW9VKs+rEf3lXY0Ryn25k=
3,11,sZvkE5QpkDHMd/xvviuM7/QwNWw=,/ysQ9GDW9VKs+rEf3lXY0Ryn25k=
12,1,sZvkE5QpkDHMd/xvviuM7/QwNWw=,/ysQ9GDW9VKs+rEf3lXY0Ryn25k=
0,4,sZvkE5QpkDHMd/xvviuM7/QwNWw=,/ysQ9GDW9VKs+rEf3lXY0Ryn25k=
7,11,sZvkE5QpkDHMd/xvviuM7/QwNWw=,/ysQ9GDW9VKs+rEf3lXY0Ryn25k=
4,11,sZvkE5QpkDHMd/xvviuM7/QwNWw=,/ysQ9GDW9VKs+rEf3lXY0Ryn25k=
3,12,sZvkE5QpkDHMd/xvviuM7/QwNWw=,/ysQ9GDW9VKs+rEf3lXY0Ryn25k=
2,11,sZvkE5QpkDHMd/xvviuM7/QwNWw=,/ysQ9GDW9VKs+rEf3lXY0Ryn25k=
13,1,sZvkE5QpkDHMd/xvviuM7/QwNWw=,/ysQ9GDW9VKs+rEf3lXY0Ryn25k=
12,31,XRYA4fcBDCliR2TO8ZAz4P5jsvY=,+UhP9OCPPzGwKX9fN51gpsdqY4k=
15,31,BdxpoQ0AEsS4zNHoScmGMW/ouVg=,+UhP9OCPPzGwKX9fN51gpsdqY4k=
11,31,Q4ACoqMpFijUf35B3mW76Lahoqg=,+UhP9OCPPzGwKX9fN51gpsdqY4k=
10,31,Q4ACoqMpFijUf35B3mW76Lahoqg=,+UhP9OCPPzGwKX9fN51gpsdqY4k=
9,31,Q4ACoqMpFijUf35B3mW76Lahoqg=,+UhP9OCPPzGwKX9fN51gpsdqY4k=
8,31,Q4ACoqMpFijUf35B3mW76Lahoqg=,+UhP9OCPPzGwKX9fN51gpsdqY4k=
2,31,Q4ACoqMpFijUf35B3mW76Lahoqg=,+UhP9OCPPzGwKX9fN51gpsdqY4k=
3,31,Q4ACoqMpFijUf35B3mW76Lahoqg=,+UhP9OCPPzGwKX9fN51gpsdqY4k=
12,19,Q4ACoqMpFijUf35B3mW76Lahoqg=,+UhP9OCPPzGwKX9fN51gpsdqY4k=
1,31,Q4ACoqMpFijUf35B3mW76Lahoqg=,+UhP9OCPPzGwKX9fN51gpsdqY4k=
7,31,Q4ACoqMpFijUf35B3mW76Lahoqg=,+UhP9OCPPzGwKX9fN51gpsdqY4k=
0,31,Q4ACoqMpFijUf35B3mW76Lahoqg=,+UhP9OCPPzGwKX9fN51gpsdqY4k=
4,31,Q4ACoqMpFijUf35B3mW76Lahoqg=,+UhP9OCPPzGwKX9fN51gpsdqY4k=
14,31,Q4ACoqMpFijUf35B3mW76Lahoqg=,+UhP9OCPPzGwKX9fN51gpsdqY4k=
13,18,Q4ACoqMpFijUf35B3mW76Lahoqg=,+UhP9OCPPzGwKX9fN51gpsdqY4k=
14,30,Q4ACoqMpFijUf35B3mW76Lahoqg=,+UhP9OCPPzGwKX9fN51gpsdqY4k=
13,30,Q4ACoqMpFijUf35B3mW76Lahoqg=,+UhP9OCPPzGwKX9fN51gpsdqY4k=
15,30,Q4ACoqMpFijUf35B3mW76Lahoqg=,+UhP9OCPPzGwKX9fN51gpsdqY4k=
12,30,Q4ACoqMpFijUf35B3mW76Lahoqg=,+UhP9OCPPzGwKX9fN51gpsdqY4k=
10,30,Q4ACoqMpFijUf35B3mW76Lahoqg=,+UhP9OCPPzGwKX9fN51gpsdqY4k=
11,30,Q4ACoqMpFijUf35B3mW76Lahoqg=,+UhP9OCPPzGwKX9fN51gpsdqY4k=
9,30,Q4ACoqMpFijUf35B3mW76Lahoqg=,+UhP9OCPPzGwKX9fN51gpsdqY4k=
8,30,Q4ACoqMpFijUf35B3mW76Lahoqg=,+UhP9OCPPzGwKX9fN51gpsdqY4k=
7,30,Q4ACoqMpFijUf35B3mW76Lahoqg=,+UhP9OCPPzGwKX9fN51gpsdqY4k=
6,31,Q4ACoqMpFijUf35B3mW76Lahoqg=,+UhP9OCPPzGwKX9fN51gpsdqY4k=
6,30,Q4ACoqMpFijUf35B3mW76Lahoqg=,+UhP9OCPPzGwKX9fN51gpsdqY4k=
11,19,Q4ACoqMpFijUf35B3mW76Lahoqg=,+UhP9OCPPzGwKX9fN51gpsdqY4k=
13,31,Q4ACoqMpFijUf35B3mW76Lahoqg=,+UhP9OCPPzGwKX9fN51gpsdqY4k=
2,30,Q4ACoqMpFijUf35B3mW76Lahoqg=,+UhP9OCPPzGwKX9fN51gpsdqY4k=
3,30,Q4ACoqMpFijUf35B3mW76Lahoqg=,+UhP9OCPPzGwKX9fN51gpsdqY4k=
1,30,Q4ACoqMpFijUf35B3mW76Lahoqg=,+UhP9OCPPzGwKX9fN51gpsdqY4k=
0,30,Q4ACoqMpFijUf35B3mW76Lahoqg=,+UhP9OCPPzGwKX9fN51gpsdqY4k=
2,16,Q4ACoqMpFijUf35B3mW76Lahoqg=,+UhP9OCPPzGwKX9fN51gpsdqY4k=
3,16,Q4ACoqMpFijUf35B3mW76Lahoqg=,+UhP9OCPPzGwKX9fN51gpsdqY4k=
14,29,Q4ACoqMpFijUf35B3mW76Lahoqg=,+UhP9OCPPzGwKX9fN51gpsdqY4k=
13,29,Q4ACoqMpFijUf35B3mW76Lahoqg=,+UhP9OCPPzGwKX9fN51gpsdqY4k=
4,30,Q4ACoqMpFijUf35B3mW76Lahoqg=,+UhP9OCPPzGwKX9fN51gpsdqY4k=
15,17,Q4ACoqMpFijUf35B3mW76Lahoqg=,+UhP9OCPPzGwKX9fN51gpsdqY4k=
12,29,Q4ACoqMpFijUf35B3mW76Lahoqg=,+UhP9OCPPzGwKX9fN51gpsdqY4k=
5,30,Q4ACoqMpFijUf35B3mW76Lahoqg=,+UhP9OCPPzGwKX9fN51gpsdqY4k=
13,17,Q4ACoqMpFijUf35B3mW76Lahoqg=,+UhP9OCPPzGwKX9fN51gpsdqY4k=
11,18,Q4ACoqMpFijUf35B3mW76Lahoqg=,+UhP9OCPPzGwKX9fN51gpsdqY4k=
12,18,Q4ACoqMpFijUf35B3mW76Lahoqg=,+UhP9OCPPzGwKX9fN51gpsdqY4k=
13,19,Q4ACoqMpFijUf35B3mW76Lahoqg=,+UhP9OCPPzGwKX9fN51gpsdqY4k=
12,17,Q4ACoqMpFijUf35B3mW76Lahoqg=,+UhP9OCPPzGwKX9fN51gpsdqY4k=
0,17,Q4ACoqMpFijUf35B3mW76Lahoqg=,+UhP9OCPPzGwKX9fN51gpsdqY4k=
11,29,Q4ACoqMpFijUf35B3mW76Lahoqg=,+UhP9OCPPzGwKX9fN51gpsdqY4k=
14,17,Q4ACoqMpFijUf35B3mW76Lahoqg=,+UhP9OCPPzGwKX9fN51gpsdqY4k=
1,17,Q4ACoqMpFijUf35B3mW76Lahoqg=,+UhP9OCPPzGwKX9fN51gpsdqY4k=
10,19,Q4ACoqMpFijUf35B3mW76Lahoqg=,+UhP9OCPPzGwKX9fN51gpsdqY4k=
11,17,Q4ACoqMpFijUf35B3mW76Lahoqg=,+UhP9OCPPzGwKX9fN51gpsdqY4k=
8,29,Q4ACoqMpFijUf35B3mW76Lahoqg=,+UhP9OCPPzGwKX9fN51gpsdqY4k=
15,29,Q4ACoqMpFijUf35B3mW76Lahoqg=,+UhP9OCPPzGwKX9fN51gpsdqY4k=
5,31,Q4ACoqMpFijUf35B3mW76Lahoqg=,+UhP9OCPPzGwKX9fN51gpsdqY4k=
7,17,Q4ACoqMpFijUf35B3mW76Lahoqg=,+UhP9OCPPzGwKX9fN51gpsdqY4k=
5,29,Q4ACoqMpFijUf35B3mW76Lahoqg=,+UhP9OCPPzGwKX9fN51gpsdqY4k=
4,29,Q4ACoqMpFijUf35B3mW76Lahoqg=,+UhP9OCPPzGwKX9fN51gpsdqY4k=
2,29,Q4ACoqMpFijUf35B3mW76Lahoqg=,+UhP9OCPPzGwKX9fN51gpsdqY4k=
3,29,Q4ACoqMpFijUf35B3mW76Lahoqg=,+UhP9OCPPzGwKX9fN51gpsdqY4k=
10,18,Q4ACoqMpFijUf35B3mW76Lahoqg=,+UhP9OCPPzGwKX9fN51gpsdqY4k=
1,29,Q4ACoqMpFijUf35B3mW76Lahoqg=,+UhP9OCPPzGwKX9fN51gpsdqY4k=
0,29,Q4ACoqMpFijUf35B3mW76Lahoqg=,+UhP9OCPPzGwKX9fN51gpsdqY4k=
9,29,Q4ACoqMpFijUf35B3mW76Lahoqg=,+UhP9OCPPzGwKX9fN51gpsdqY4k=
10,29,Q4ACoqMpFijUf35B3mW76Lahoqg=,+UhP9OCPPzGwKX9fN51gpsdqY4k=
8,17,Q4ACoqMpFijUf35B3mW76Lahoqg=,+UhP9OCPPzGwKX9fN51gpsdqY4k=
14,28,Q4ACoqMpFijUf35B3mW76Lahoqg=,+UhP9OCPPzGwKX9fN51gpsdqY4k=
13,28,Q4ACoqMpFijUf35B3mW76Lahoqg=,+UhP9OCPPzGwKX9fN51gpsdqY4k=
12,28,Q4ACoqMpFijUf35B3mW76Lahoqg=,+UhP9OCPPzGwKX9fN51gpsdqY4k=
6,29,Q4ACoqMpFijUf35B3mW76Lahoqg=,+UhP9OCPPzGwKX9fN51gpsdqY4k=
7,29,Q4ACoqMpFijUf35B3mW76Lahoqg=,+UhP9OCPPzGwKX9fN51gpsdqY4k=
10,17,Q4ACoqMpFijUf35B3mW76Lahoqg=,+UhP9OCPPzGwKX9fN51gpsdqY4k=
15,16,Q4ACoqMpFijUf35B3mW76Lahoqg=,+UhP9OCPPzGwKX9fN51gpsdqY4k=
9,28,Q4ACoqMpFijUf35B3mW76Lahoqg=,+UhP9OCPPzGwKX9fN51gpsdqY4k=
10,28,Q4ACoqMpFijUf35B3mW76Lahoqg=,+UhP9OCPPzGwKX9fN51gpsdqY4k=
11,28,Q4ACoqMpFijUf35B3mW76Lahoqg=,+UhP9OCPPzGwKX9fN51gpsdqY4k=
6,28,Q4ACoqMpFijUf35B3mW76Lahoqg=,+UhP9OCPPzGwKX9fN51gpsdqY4k=
5,17,Q4ACoqMpFijUf35B3mW76Lahoqg=,+UhP9OCPPzGwKX9fN51gpsdqY4k=
14,19,Q4ACoqMpFijUf35B3mW76Lahoqg=,+UhP9OCPPzGwKX9fN51gpsdqY4k=
15,28,Q4ACoqMpFijUf35B3mW76Lahoqg=,+UhP9OCPPzGwKX9fN51gpsdqY4k=
9,19,Q4ACoqMpFijUf35B3mW76Lahoqg=,+UhP9OCPPzGwKX9fN51gpsdqY4k=
5,28,Q4ACoqMpFijUf35B3mW76Lahoqg=,+UhP9OCPPzGwKX9fN51gpsdqY4k=
6,17,Q4ACoqMpFijUf35B3mW76Lahoqg=,+UhP9OCPPzGwKX9fN51gpsdqY4k=
9,17,Q4ACoqMpFijUf35B3mW76Lahoqg=,+UhP9OCPPzGwKX9fN51gpsdqY4k=
4,28,Q4ACoqMpFijUf35B3mW76Lahoqg=,+UhP9OCPPzGwKX9fN51gpsdqY4k=
8,28,Q4ACoqMpFijUf35B3mW76Lahoqg=,+UhP9OCPPzGwKX9fN51gpsdqY4k=
3,28,Q4ACoqMpFijUf35B3mW76Lahoqg=,+UhP9OCPPzGwKX9fN51gpsdqY4k=
6,18,Q4ACoqMpFijUf35B3mW76Lahoqg=,+UhP9OCPPzGwKX9fN51gpsdqY4k=
2,28,Q4ACoqMpFijUf35B3mW76Lahoqg=,+UhP9OCPPzGwKX9fN51gpsdqY4k=
1,28,Q4ACoqMpFijUf35B3mW76Lahoqg=,+UhP9OCPPzGwKX9fN51gpsdqY4k=
0,28,Q4ACoqMpFijUf35B3mW76Lahoqg=,+UhP9OCPPzGwKX9fN51gpsdqY4k=
3,17,Q4ACoqMpFijUf35B3mW76Lahoqg=,+UhP9OCPPzGwKX9fN51gpsdqY4k=
4,17,Q4ACoqMpFijUf35B3mW76Lahoqg=,+UhP9OCPPzGwKX9fN51gpsdqY4k=
1,16,Q4ACoqMpFijUf35B3mW76Lahoqg=,+UhP9OCPPzGwKX9fN51gpsdqY4k=
2,17,Q4ACoqMpFijUf35B3mW76Lahoqg=,+UhP9OCPPzGwKX9fN51gpsdqY4k=
7,28,Q4ACoqMpFijUf35B3mW76Lahoqg=,+UhP9OCPPzGwKX9fN51gpsdqY4k=
14,27,Q4ACoqMpFijUf35B3mW76Lahoqg=,+UhP9OCPPzGwKX9fN51gpsdqY4k=
9,18,Q4ACoqMpFijUf35B3mW76Lahoqg=,+UhP9OCPPzGwKX9fN51gpsdqY4k=
8,27,Q4ACoqMpFijUf35B3mW76Lahoqg=,+UhP9OCPPzGwKX9fN51gpsdqY4k=
7,27,Q4ACoqMpFijUf35B3mW76Lahoqg=,+UhP9OCPPzGwKX9fN51gpsdqY4k=
11,27,Q4ACoqMpFijUf35B3mW76Lahoqg=,+UhP9OCPPzGwKX9fN51gpsdqY4k=
4,27,Q4ACoqMpFijUf35B3mW76Lahoqg=,+UhP9OCPPzGwKX9fN51gpsdqY4k=
10,27,Q4ACoqMpFijUf35B3mW76Lahoqg=,+UhP9OCPPzGwKX9fN51gpsdqY4k=
3,27,Q4ACoqMpFijUf35B3mW76Lahoqg=,+UhP9OCPPzGwKX9fN51gpsdqY4k=
2,27,Q4ACoqMpFijUf35B3mW76Lahoqg=,+UhP9OCPPzGwKX9fN51gpsdqY4k=
15,27,Q4ACoqMpFijUf35B3mW76Lahoqg=,+UhP9OCPPzGwKX9fN51gpsdqY4k=
12,27,Q4ACoqMpFijUf35B3mW76Lahoqg=,+UhP9OCPPzGwKX9fN51gpsdqY4k=
1,27,Q4ACoqMpFijUf35B3mW76Lahoqg=,+UhP9OCPPzGwKX9fN51gpsdqY4k=
0,27,Q4ACoqMpFijUf35B3mW76Lahoqg=,+UhP9OCPPzGwKX9fN51gpsdqY4k=
9,27,Q4ACoqMpFijUf35B3mW76Lahoqg=,+UhP9OCPPzGwKX9fN51gpsdqY4k=
8,18,Q4ACoqMpFijUf35B3mW76Lahoqg=,+UhP9OCPPzGwKX9fN51gpsdqY4k=
14,16,Q4ACoqMpFijUf35B3mW76Lahoqg=,+UhP9OCPPzGwKX9fN51gpsdqY4k=
13,27,Q4ACoqMpFijUf35B3mW76Lahoqg=,+UhP9OCPPzGwKX9fN51gpsdqY4k=
6,27,Q4ACoqMpFijUf35B3mW76Lahoqg=,+UhP9OCPPzGwKX9fN51gpsdqY4k=
8,19,Q4ACoqMpFijUf35B3mW76Lahoqg=,+UhP9OCPPzGwKX9fN51gpsdqY4k=
6,19,Q4ACoqMpFijUf35B3mW76Lahoqg=,+UhP9OCPPzGwKX9fN51gpsdqY4k=
5,27,Q4ACoqMpFijUf35B3mW76Lahoqg=,+UhP9OCPPzGwKX9fN51gpsdqY4k=
7,18,Q4ACoqMpFijUf35B3mW76Lahoqg=,+UhP9OCPPzGwKX9fN51gpsdqY4k=
12,26,Q4ACoqMpFijUf35B3mW76Lahoqg=,+UhP9OCPPzGwKX9fN51gpsdqY4k=
7,19,Q4ACoqMpFijUf35B3mW76Lahoqg=,+UhP9OCPPzGwKX9fN51gpsdqY4k=
4,26,Q4ACoqMpFijUf35B3mW76Lahoqg=,+UhP9OCPPzGwKX9fN51gpsdqY4k=
10,26,Q4ACoqMpFijUf35B3mW76Lahoqg=,+UhP9OCPPzGwKX9fN51gpsdqY4k=
3,26,Q4ACoqMpFijUf35B3mW76Lahoqg=,+UhP9OCPPzGwKX9fN51gpsdqY4k=
2,26,Q4ACoqMpFijUf35B3mW76Lahoqg=,+UhP9OCPPzGwKX9fN51gpsdqY4k=
1,26,Q4ACoqMpFijUf35B3mW76Lahoqg=,+UhP9OCPPzGwKX9fN51gpsdqY4k=
0,26,Q4ACoqMpFijUf35B3mW76Lahoqg=,+UhP9OCPPzGwKX9fN51gpsdqY4k=
13,26,Q4ACoqMpFijUf35B3mW76Lahoqg=,+UhP9OCPPzGwKX9fN51gpsdqY4k=
15,25,Q4ACoqMpFijUf35B3mW76Lahoqg=,+UhP9OCPPzGwKX9fN51gpsdqY4k=
11,26,Q4ACoqMpFijUf35B3mW76Lahoqg=,+UhP9OCPPzGwKX9fN51gpsdqY4k=
14,26,Q4ACoqMpFijUf35B3mW76Lahoqg=,+UhP9OCPPzGwKX9fN51gpsdqY4k=
12,16,Q4ACoqMpFijUf35B3mW76Lahoqg=,+UhP9OCPPzGwKX9fN51gpsdqY4k=
5,26,Q4ACoqMpFijUf35B3mW76Lahoqg=,+UhP9OCPPzGwKX9fN51gpsdqY4k=
4,19,Q4ACoqMpFijUf35B3mW76Lahoqg=,+UhP9OCPPzGwKX9fN51gpsdqY4k=
5,19,Q4ACoqMpFijUf35B3mW76Lahoqg=,+UhP9OCPPzGwKX9fN51gpsdqY4k=
15,19,Q4ACoqMpFijUf35B3mW76Lahoqg=,+UhP9OCPPzGwKX9fN51gpsdqY4k=
13,16,Q4ACoqMpFijUf35B3mW76Lahoqg=,+UhP9OCPPzGwKX9fN51gpsdqY4k=
6,26,Q4ACoqMpFijUf35B3mW76Lahoqg=,+UhP9OCPPzGwKX9fN51gpsdqY4k=
15,26,Q4ACoqMpFijUf35B3mW76Lahoqg=,+UhP9OCPPzGwKX9fN51gpsdqY4k=
7,26,Q4ACoqMpFijUf35B3mW76Lahoqg=,+UhP9OCPPzGwKX9fN51gpsdqY4k=
4,25,Q4ACoqMpFijUf35B3mW76Lahoqg=,+UhP9OCPPzGwKX9fN51gpsdqY4k=
3,25,Q4ACoqMpFijUf35B3mW76Lahoqg=,+UhP9OCPPzGwKX9fN51gpsdqY4k=
5,18,Q4ACoqMpFijUf35B3mW76Lahoqg=,+UhP9OCPPzGwKX9fN51gpsdqY4k=
2,25,Q4ACoqMpFijUf35B3mW76Lahoqg=,+UhP9OCPPzGwKX9fN51gpsdqY4k=
1,25,Q4ACoqMpFijUf35B3mW76Lahoqg=,+UhP9OCPPzGwKX9fN51gpsdqY4k=
0,25,Q4ACoqMpFijUf35B3mW76Lahoqg=,+UhP9OCPPzGwKX9fN51gpsdqY4k=
11,25,Q4ACoqMpFijUf35B3mW76Lahoqg=,+UhP9OCPPzGwKX9fN51gpsdqY4k=
9,26,Q4ACoqMpFijUf35B3mW76Lahoqg=,+UhP9OCPPzGwKX9fN51gpsdqY4k=
13,25,Q4ACoqMpFijUf35B3mW76Lahoqg=,+UhP9OCPPzGwKX9fN51gpsdqY4k=
14,25,Q4ACoqMpFijUf35B3mW76Lahoqg=,+UhP9OCPPzGwKX9fN51gpsdqY4k=
5,25,Q4ACoqMpFijUf35B3mW76Lahoqg=,+UhP9OCPPzGwKX9fN51gpsdqY4k=
8,26,Q4ACoqMpFijUf35B3mW76Lahoqg=,+UhP9OCPPzGwKX9fN51gpsdqY4k=
10,25,Q4ACoqMpFijUf35B3mW76Lahoqg=,+UhP9OCPPzGwKX9fN51gpsdqY4k=
12,25,Q4ACoqMpFijUf35B3mW76Lahoqg=,+UhP9OCPPzGwKX9fN51gpsdqY4k=
12,24,Q4ACoqMpFijUf35B3mW76Lahoqg=,+UhP9OCPPzGwKX9fN51gpsdqY4k=
9,25,Q4ACoqMpFijUf35B3mW76Lahoqg=,+UhP9OCPPzGwKX9fN51gpsdqY4k=
6,25,Q4ACoqMpFijUf35B3mW76Lahoqg=,+UhP9OCPPzGwKX9fN51gpsdqY4k=
2,24,Q4ACoqMpFijUf35B3mW76Lahoqg=,+UhP9OCPPzGwKX9fN51gpsdqY4k=
0,24,Q4ACoqMpFijUf35B3mW76Lahoqg=,+UhP9OCPPzGwKX9fN51gpsdqY4k=
4,24,Q4ACoqMpFijUf35B3mW76Lahoqg=,+UhP9OCPPzGwKX9fN51gpsdqY4k=
8,25,Q4ACoqMpFijUf35B3mW76Lahoqg=,+UhP9OCPPzGwKX9fN51gpsdqY4k=
1,24,Q4ACoqMpFijUf35B3mW76Lahoqg=,+UhP9OCPPzGwKX9fN51gpsdqY4k=
3,24,Q4ACoqMpFijUf35B3mW76Lahoqg=,+UhP9OCPPzGwKX9fN51gpsdqY4k=
13,24,Q4ACoqMpFijUf35B3mW76Lahoqg=,+UhP9OCPPzGwKX9fN51gpsdqY4k=
4,18,Q4ACoqMpFijUf35B3mW76Lahoqg=,+UhP9OCPPzGwKX9fN51gpsdqY4k=
7,25,Q4ACoqMpFijUf35B3mW76Lahoqg=,+UhP9OCPPzGwKX9fN51gpsdqY4k=
9,24,Q4ACoqMpFijUf35B3mW76Lahoqg=,+UhP9OCPPzGwKX9fN51gpsdqY4k=
11,16,Q4ACoqMpFijUf35B3mW76Lahoqg=,+UhP9OCPPzGwKX9fN51gpsdqY4k=
5,24,Q4ACoqMpFijUf35B3mW76Lahoqg=,+UhP9OCPPzGwKX9fN51gpsdqY4k=
11,24,Q4ACoqMpFijUf35B3mW76Lahoqg=,+UhP9OCPPzGwKX9fN51gpsdqY4k=
14,24,Q4ACoqMpFijUf35B3mW76Lahoqg=,+UhP9OCPPzGwKX9fN51gpsdqY4k=
15,24,Q4ACoqMpFijUf35B3mW76Lahoqg=,+UhP9OCPPzGwKX9fN51gpsdqY4k=
15,23,Q4ACoqMpFijUf35B3mW76Lahoqg=,+UhP9OCPPzGwKX9fN51gpsdqY4k=
14,23,Q4ACoqMpFijUf35B3mW76Lahoqg=,+UhP9OCPPzGwKX9fN51gpsdqY4k=
10,24,Q4ACoqMpFijUf35B3mW76Lahoqg=,+UhP9OCPPzGwKX9fN51gpsdqY4k=
12,23,Q4ACoqMpFijUf35B3mW76Lahoqg=,+UhP9OCPPzGwKX9fN51gpsdqY4k=
11,23,Q4ACoqMpFijUf35B3mW76Lahoqg=,+UhP9OCPPzGwKX9fN51gpsdqY4k=
0,20,Q4ACoqMpFijUf35B3mW76Lahoqg=,+UhP9OCPPzGwKX9fN51gpsdqY4k=
3,18,Q4ACoqMpFijUf35B3mW76Lahoqg=,+UhP9OCPPzGwKX9fN51gpsdqY4k=
9,23,Q4ACoqMpFijUf35B3mW76Lahoqg=,+UhP9OCPPzGwKX9fN51gpsdqY4k=
3,19,Q4ACoqMpFijUf35B3mW76Lahoqg=,+UhP9OCPPzGwKX9fN51gpsdqY4k=
1,23,Q4ACoqMpFijUf35B3mW76Lahoqg=,+UhP9OCPPzGwKX9fN51gpsdqY4k=
2,23,Q4ACoqMpFijUf35B3mW76Lahoqg=,+UhP9OCPPzGwKX9fN51gpsdqY4k=
8,24,Q4ACoqMpFijUf35B3mW76Lahoqg=,+UhP9OCPPzGwKX9fN51gpsdqY4k=
7,24,Q4ACoqMpFijUf35B3mW76Lahoqg=,+UhP9OCPPzGwKX9fN51gpsdqY4k=
10,23,Q4ACoqMpFijUf35B3mW76Lahoqg=,+UhP9OCPPzGwKX9fN51gpsdqY4k=
3,23,Q4ACoqMpFijUf35B3mW76Lahoqg=,+UhP9OCPPzGwKX9fN51gpsdqY4k=
0,23,Q4ACoqMpFijUf35B3mW76Lahoqg=,+UhP9OCPPzGwKX9fN51gpsdqY4k=
6,24,Q4ACoqMpFijUf35B3mW76Lahoqg=,+UhP9OCPPzGwKX9fN51gpsdqY4k=
10,16,Q4ACoqMpFijUf35B3mW76Lahoqg=,+UhP9OCPPzGwKX9fN51gpsdqY4k=
1,20,Q4ACoqMpFijUf35B3mW76Lahoqg=,+UhP9OCPPzGwKX9fN51gpsdqY4k=
11,22,Q4ACoqMpFijUf35B3mW76Lahoqg=,+UhP9OCPPzGwKX9fN51gpsdqY4k=
9,16,Q4ACoqMpFijUf35B3mW76Lahoqg=,+UhP9OCPPzGwKX9fN51gpsdqY4k=
15,22,Q4ACoqMpFijUf35B3mW76Lahoqg=,+UhP9OCPPzGwKX9fN51gpsdqY4k=
7,23,Q4ACoqMpFijUf35B3mW76Lahoqg=,+UhP9OCPPzGwKX9fN51gpsdqY4k=
13,23,Q4ACoqMpFijUf35B3mW76Lahoqg=,+UhP9OCPPzGwKX9fN51gpsdqY4k=
2,20,Q4ACoqMpFijUf35B3mW76Lahoqg=,+UhP9OCPPzGwKX9fN51gpsdqY4k=
5,23,Q4ACoqMpFijUf35B3mW76Lahoqg=,+UhP9OCPPzGwKX9fN51gpsdqY4k=
6,23,Q4ACoqMpFijUf35B3mW76Lahoqg=,+UhP9OCPPzGwKX9fN51gpsdqY4k=
8,22,Q4ACoqMpFijUf35B3mW76Lahoqg=,+UhP9OCPPzGwKX9fN51gpsdqY4k=
10,22,Q4ACoqMpFijUf35B3mW76Lahoqg=,+UhP9OCPPzGwKX9fN51gpsdqY4k=
12,22,Q4ACoqMpFijUf35B3mW76Lahoqg=,+UhP9OCPPzGwKX9fN51gpsdqY4k=
4,23,Q4ACoqMpFijUf35B3mW76Lahoqg=,+UhP9OCPPzGwKX9fN51gpsdqY4k=
14,22,Q4ACoqMpFijUf35B3mW76Lahoqg=,+UhP9OCPPzGwKX9fN51gpsdqY4k=
13,22,Q4ACoqMpFijUf35B3mW76Lahoqg=,+UhP9OCPPzGwKX9fN51gpsdqY4k=
2,19,Q4ACoqMpFijUf35B3mW76Lahoqg=,+UhP9OCPPzGwKX9fN51gpsdqY4k=
2,22,Q4ACoqMpFijUf35B3mW76Lahoqg=,+UhP9OCPPzGwKX9fN51gpsdqY4k=
0,22,Q4ACoqMpFijUf35B3mW76Lahoqg=,+UhP9OCPPzGwKX9fN51gpsdqY4k=
6,22,Q4ACoqMpFijUf35B3mW76Lahoqg=,+UhP9OCPPzGwKX9fN51gpsdqY4k=
9,22,Q4ACoqMpFijUf35B3mW76Lahoqg=,+UhP9OCPPzGwKX9fN51gpsdqY4k=
3,22,Q4ACoqMpFijUf35B3mW76Lahoqg=,+UhP9OCPPzGwKX9fN51gpsdqY4k=
3,20,Q4ACoqMpFijUf35B3mW76Lahoqg=,+UhP9OCPPzGwKX9fN51gpsdqY4k=
7,16,Q4ACoqMpFijUf35B3mW76Lahoqg=,+UhP9OCPPzGwKX9fN51gpsdqY4k=
8,16,Q4ACoqMpFijUf35B3mW76Lahoqg=,+UhP9OCPPzGwKX9fN51gpsdqY4k=
7,22,Q4ACoqMpFijUf35B3mW76Lahoqg=,+UhP9OCPPzGwKX9fN51gpsdqY4k=
4,16,Q4ACoqMpFijUf35B3mW76Lahoqg=,+UhP9OCPPzGwKX9fN51gpsdqY4k=
4,22,Q4ACoqMpFijUf35B3mW76Lahoqg=,+UhP9OCPPzGwKX9fN51gpsdqY4k=
2,18,Q4ACoqMpFijUf35B3mW76Lahoqg=,+UhP9OCPPzGwKX9fN51gpsdqY4k=
15,21,Q4ACoqMpFijUf35B3mW76Lahoqg=,+UhP9OCPPzGwKX9fN51gpsdqY4k=
1,22,Q4ACoqMpFijUf35B3mW76Lahoqg=,+UhP9OCPPzGwKX9fN51gpsdqY4k=
1,18,Q4ACoqMpFijUf35B3mW76Lahoqg=,+UhP9OCPPzGwKX9fN51gpsdqY4k=
10,21,Q4ACoqMpFijUf35B3mW76Lahoqg=,+UhP9OCPPzGwKX9fN51gpsdqY4k=
5,22,Q4ACoqMpFijUf35B3mW76Lahoqg=,+UhP9OCPPzGwKX9fN51gpsdqY4k=
13,21,Q4ACoqMpFijUf35B3mW76Lahoqg=,+UhP9OCPPzGwKX9fN51gpsdqY4k=
4,20,Q4ACoqMpFijUf35B3mW76Lahoqg=,+UhP9OCPPzGwKX9fN51gpsdqY4k=
12,21,Q4ACoqMpFijUf35B3mW76Lahoqg=,+UhP9OCPPzGwKX9fN51gpsdqY4k=
1,19,Q4ACoqMpFijUf35B3mW76Lahoqg=,+UhP9OCPPzGwKX9fN51gpsdqY4k=
0,16,Q4ACoqMpFijUf35B3mW76Lahoqg=,+UhP9OCPPzGwKX9fN51gpsdqY4k=
14,21,Q4ACoqMpFijUf35B3mW76Lahoqg=,+UhP9OCPPzGwKX9fN51gpsdqY4k=
9,21,Q4ACoqMpFijUf35B3mW76Lahoqg=,+UhP9OCPPzGwKX9fN51gpsdqY4k=
1,21,Q4ACoqMpFijUf35B3mW76Lahoqg=,+UhP9OCPPzGwKX9fN51gpsdqY4k=
15,20,Q4ACoqMpFijUf35B3mW76Lahoqg=,+UhP9OCPPzGwKX9fN51gpsdqY4k=
0,19,Q4ACoqMpFijUf35B3mW76Lahoqg=,+UhP9OCPPzGwKX9fN51gpsdqY4k=
11,21,Q4ACoqMpFijUf35B3mW76Lahoqg=,+UhP9OCPPzGwKX9fN51gpsdqY4k=
0,18,Q4ACoqMpFijUf35B3mW76Lahoqg=,+UhP9OCPPzGwKX9fN51gpsdqY4k=
6,16,Q4ACoqMpFijUf35B3mW76Lahoqg=,+UhP9OCPPzGwKX9fN51gpsdqY4k=
8,21,Q4ACoqMpFijUf35B3mW76Lahoqg=,+UhP9OCPPzGwKX9fN51gpsdqY4k=
14,20,Q4ACoqMpFijUf35B3mW76Lahoqg=,+UhP9OCPPzGwKX9fN51gpsdqY4k=
0,21,Q4ACoqMpFijUf35B3mW76Lahoqg=,+UhP9OCPPzGwKX9fN51gpsdqY4k=
3,21,Q4ACoqMpFijUf35B3mW76Lahoqg=,+UhP9OCPPzGwKX9fN51gpsdqY4k=
5,20,Q4ACoqMpFijUf35B3mW76Lahoqg=,+UhP9OCPPzGwKX9fN51gpsdqY4k=
6,21,Q4ACoqMpFijUf35B3mW76Lahoqg=,+UhP9OCPPzGwKX9fN51gpsdqY4k=
5,16,Q4ACoqMpFijUf35B3mW76Lahoqg=,+UhP9OCPPzGwKX9fN51gpsdqY4k=
5,21,Q4ACoqMpFijUf35B3mW76Lahoqg=,+UhP9OCPPzGwKX9fN51gpsdqY4k=
13,20,Q4ACoqMpFijUf35B3mW76Lahoqg=,+UhP9OCPPzGwKX9fN51gpsdqY4k=
7,21,Q4ACoqMpFijUf35B3mW76Lahoqg=,+UhP9OCPPzGwKX9fN51gpsdqY4k=
12,20,Q4ACoqMpFijUf35B3mW76Lahoqg=,+UhP9OCPPzGwKX9fN51gpsdqY4k=
2,21,Q4ACoqMpFijUf35B3mW76Lahoqg=,+UhP9OCPPzGwKX9fN51gpsdqY4k=
14,18,Q4ACoqMpFijUf35B3mW76Lahoqg=,+UhP9OCPPzGwKX9fN51gpsdqY4k=
11,20,Q4ACoqMpFijUf35B3mW76Lahoqg=,+UhP9OCPPzGwKX9fN51gpsdqY4k=
10,20,Q4ACoqMpFijUf35B3mW76Lahoqg=,+UhP9OCPPzGwKX9fN51gpsdqY4k=
7,20,Q4ACoqMpFijUf35B3mW76Lahoqg=,+UhP9OCPPzGwKX9fN51gpsdqY4k=
8,20,Q4ACoqMpFijUf35B3mW76Lahoqg=,+UhP9OCPPzGwKX9fN51gpsdqY4k=
9,20,Q4ACoqMpFijUf35B3mW76Lahoqg=,+UhP9OCPPzGwKX9fN51gpsdqY4k=
6,20,Q4ACoqMpFijUf35B3mW76Lahoqg=,+UhP9OCPPzGwKX9fN51gpsdqY4k=
15,18,Q4ACoqMpFijUf35B3mW76Lahoqg=,+UhP9OCPPzGwKX9fN51gpsdqY4k=
8,23,Q4ACoqMpFijUf35B3mW76Lahoqg=,+UhP9OCPPzGwKX9fN51gpsdqY4k=
4,21,Q4ACoqMpFijUf35B3mW76Lahoqg=,+UhP9OCPPzGwKX9fN51gpsdqY4k=
31,17,kB5DwQ8bvaj58xWFJlJYXdifTRY=,5z2PE3pO3UFbnkTT000rFbNxU2Y=
19,16,kB5DwQ8bvaj58xWFJlJYXdifTRY=,5z2PE3pO3UFbnkTT000rFbNxU2Y=
30,31,/qssx9jhQDOCohznFyMZxyEmsgI=,5z2PE3pO3UFbnkTT000rFbNxU2Y=
22,31,kB5DwQ8bvaj58xWFJlJYXdifTRY=,5z2PE3pO3UFbnkTT000rFbNxU2Y=
31,31,/qssx9jhQDOCohznFyMZxyEmsgI=,5z2PE3pO3UFbnkTT000rFbNxU2Y=
23,31,kB5DwQ8bvaj58xWFJlJYXdifTRY=,5z2PE3pO3UFbnkTT000rFbNxU2Y=
25,18,kB5DwQ8bvaj58xWFJlJYXdifTRY=,5z2PE3pO3UFbnkTT000rFbNxU2Y=
24,18,kB5DwQ8bvaj58xWFJlJYXdifTRY=,5z2PE3pO3UFbnkTT000rFbNxU2Y=
27,19,kB5DwQ8bvaj58xWFJlJYXdifTRY=,5z2PE3pO3UFbnkTT000rFbNxU2Y=
23,18,kB5DwQ8bvaj58xWFJlJYXdifTRY=,5z2PE3pO3UFbnkTT000rFbNxU2Y=
22,18,KtQw4wSDjEZT0h9bNdglBEyJgjw=,5z2PE3pO3UFbnkTT000rFbNxU2Y=
21,18,KtQw4wSDjEZT0h9bNdglBEyJgjw=,5z2PE3pO3UFbnkTT000rFbNxU2Y=
20,31,kB5DwQ8bvaj58xWFJlJYXdifTRY=,5z2PE3pO3UFbnkTT000rFbNxU2Y=
27,18,kB5DwQ8bvaj58xWFJlJYXdifTRY=,5z2PE3pO3UFbnkTT000rFbNxU2Y=
24,31,kB5DwQ8bvaj58xWFJlJYXdifTRY=,5z2PE3pO3UFbnkTT000rFbNxU2Y=
25,31,kB5DwQ8bvaj58xWFJlJYXdifTRY=,5z2PE3pO3UFbnkTT000rFbNxU2Y=
29,18,kB5DwQ8bvaj58xWFJlJYXdifTRY=,5z2PE3pO3UFbnkTT000rFbNxU2Y=
21,31,kB5DwQ8bvaj58xWFJlJYXdifTRY=,5z2PE3pO3UFbnkTT000rFbNxU2Y=
20,18,kB5DwQ8bvaj58xWFJlJYXdifTRY=,5z2PE3pO3UFbnkTT000rFbNxU2Y=
28,31,kB5DwQ8bvaj58xWFJlJYXdifTRY=,5z2PE3pO3UFbnkTT000rFbNxU2Y=
19,18,kB5DwQ8bvaj58xWFJlJYXdifTRY=,5z2PE3pO3UFbnkTT000rFbNxU2Y=
28,18,kB5DwQ8bvaj58xWFJlJYXdifTRY=,5z2PE3pO3UFbnkTT000rFbNxU2Y=
30,17,kB5DwQ8bvaj58xWFJlJYXdifTRY=,5z2PE3pO3UFbnkTT000rFbNxU2Y=
16,31,kB5DwQ8bvaj58xWFJlJYXdifTRY=,5z2PE3pO3UFbnkTT000rFbNxU2Y=
27,31,kB5DwQ8bvaj58xWFJlJYXdifTRY=,5z2PE3pO3UFbnkTT000rFbNxU2Y=
17,31,kB5DwQ8bvaj58xWFJlJYXdifTRY=,5z2PE3pO3UFbnkTT000rFbNxU2Y=
26,31,kB5DwQ8bvaj58xWFJlJYXdifTRY=,5z2PE3pO3UFbnkTT000rFbNxU2Y=
18,16,kB5DwQ8bvaj58xWFJlJYXdifTRY=,5z2PE3pO3UFbnkTT000rFbNxU2Y=
29,31,/qssx9jhQDOCohznFyMZxyEmsgI=,5z2PE3pO3UFbnkTT000rFbNxU2Y=
26,18,kB5DwQ8bvaj58xWFJlJYXdifTRY=,5z2PE3pO3UFbnkTT000rFbNxU2Y=
18,31,kB5DwQ8bvaj58xWFJlJYXdifTRY=,5z2PE3pO3UFbnkTT000rFbNxU2Y=
23,30,kB5DwQ8bvaj58xWFJlJYXdifTRY=,5z2PE3pO3UFbnkTT000rFbNxU2Y=
22,30,kB5DwQ8bvaj58xWFJlJYXdifTRY=,5z2PE3pO3UFbnkTT000rFbNxU2Y=
21,30,kB5DwQ8bvaj58xWFJlJYXdifTRY=,5z2PE3pO3UFbnkTT000rFbNxU2Y=
19,31,kB5DwQ8bvaj58xWFJlJYXdifTRY=,5z2PE3pO3UFbnkTT000rFbNxU2Y=
28,19,kB5DwQ8bvaj58xWFJlJYXdifTRY=,5z2PE3pO3UFbnkTT000rFbNxU2Y=
30,18,kB5DwQ8bvaj58xWFJlJYXdifTRY=,5z2PE3pO3UFbnkTT000rFbNxU2Y=
20,30,kB5DwQ8bvaj58xWFJlJYXdifTRY=,5z2PE3pO3UFbnkTT000rFbNxU2Y=
26,19,kB5DwQ8bvaj58xWFJlJYXdifTRY=,5z2PE3pO3UFbnkTT000rFbNxU2Y=
26,30,kB5DwQ8bvaj58xWFJlJYXdifTRY=,5z2PE3pO3UFbnkTT000rFbNxU2Y=
24,30,kB5DwQ8bvaj58xWFJlJYXdifTRY=,5z2PE3pO3UFbnkTT000rFbNxU2Y=
25,19,kB5DwQ8bvaj58xWFJlJYXdifTRY=,5z2PE3pO3UFbnkTT000rFbNxU2Y=
31,30,kB5DwQ8bvaj58xWFJlJYXdifTRY=,5z2PE3pO3UFbnkTT000rFbNxU2Y=
18,18,kB5DwQ8bvaj58xWFJlJYXdifTRY=,5z2PE3pO3UFbnkTT000rFbNxU2Y=
20,16,kB5DwQ8bvaj58xWFJlJYXdifTRY=,5z2PE3pO3UFbnkTT000rFbNxU2Y=
19,30,kB5DwQ8bvaj58xWFJlJYXdifTRY=,5z2PE3pO3UFbnkTT000rFbNxU2Y=
25,30,kB5DwQ8bvaj58xWFJlJYXdifTRY=,5z2PE3pO3UFbnkTT000rFbNxU2Y=
16,17,kB5DwQ8bvaj58xWFJlJYXdifTRY=,5z2PE3pO3UFbnkTT000rFbNxU2Y=
17,17,kB5DwQ8bvaj58xWFJlJYXdifTRY=,5z2PE3pO3UFbnkTT000rFbNxU2Y=
17,16,kB5DwQ8bvaj58xWFJlJYXdifTRY=,5z2PE3pO3UFbnkTT000rFbNxU2Y=
16,30,kB5DwQ8bvaj58xWFJlJYXdifTRY=,5z2PE3pO3UFbnkTT000rFbNxU2Y=
16,18,kB5DwQ8bvaj58xWFJlJYXdifTRY=,5z2PE3pO3UFbnkTT000rFbNxU2Y=
17,18,kB5DwQ8bvaj58xWFJlJYXdifTRY=,5z2PE3pO3UFbnkTT000rFbNxU2Y=
24,29,kB5DwQ8bvaj58xWFJlJYXdifTRY=,5z2PE3pO3UFbnkTT000rFbNxU2Y=
23,29,kB5DwQ8bvaj58xWFJlJYXdifTRY=,5z2PE3pO3UFbnkTT000rFbNxU2Y=
22,29,kB5DwQ8bvaj58xWFJlJYXdifTRY=,5z2PE3pO3UFbnkTT000rFbNxU2Y=
21,29,kB5DwQ8bvaj58xWFJlJYXdifTRY=,5z2PE3pO3UFbnkTT000rFbNxU2Y=
27,30,kB5DwQ8bvaj58xWFJlJYXdifTRY=,5z2PE3pO3UFbnkTT000rFbNxU2Y=
18,30,kB5DwQ8bvaj58xWFJlJYXdifTRY=,5z2PE3pO3UFbnkTT000rFbNxU2Y=
17,30,kB5DwQ8bvaj58xWFJlJYXdifTRY=,5z2PE3pO3UFbnkTT000rFbNxU2Y=
31,16,kB5DwQ8bvaj58xWFJlJYXdifTRY=,5z2PE3pO3UFbnkTT000rFbNxU2Y=
24,19,kB5DwQ8bvaj58xWFJlJYXdifTRY=,5z2PE3pO3UFbnkTT000rFbNxU2Y=
29,30,kB5DwQ8bvaj58xWFJlJYXdifTRY=,5z2PE3pO3UFbnkTT000rFbNxU2Y=
17,29,kB5DwQ8bvaj58xWFJlJYXdifTRY=,5z2PE3pO3UFbnkTT000rFbNxU2Y=
30,30,kB5DwQ8bvaj58xWFJlJYXdifTRY=,5z2PE3pO3UFbnkTT000rFbNxU2Y=
29,19,kB5DwQ8bvaj58xWFJlJYXdifTRY=,5z2PE3pO3UFbnkTT000rFbNxU2Y=
19,29,kB5DwQ8bvaj58xWFJlJYXdifTRY=,5z2PE3pO3UFbnkTT000rFbNxU2Y=
30,19,/qssx9jhQDOCohznFyMZxyEmsgI=,5z2PE3pO3UFbnkTT000rFbNxU2Y=
25,29,kB5DwQ8bvaj58xWFJlJYXdifTRY=,5z2PE3pO3UFbnkTT000rFbNxU2Y=
18,29,kB5DwQ8bvaj58xWFJlJYXdifTRY=,5z2PE3pO3UFbnkTT000rFbNxU2Y=
27,29,kB5DwQ8bvaj58xWFJlJYXdifTRY=,5z2PE3pO3UFbnkTT000rFbNxU2Y=
28,30,kB5DwQ8bvaj58xWFJlJYXdifTRY=,5z2PE3pO3UFbnkTT000rFbNxU2Y=
16,29,kB5DwQ8bvaj58xWFJlJYXdifTRY=,5z2PE3pO3UFbnkTT000rFbNxU2Y=
26,29,kB5DwQ8bvaj58xWFJlJYXdifTRY=,5z2PE3pO3UFbnkTT000rFbNxU2Y=
25,28,kB5DwQ8bvaj58xWFJlJYXdifTRY=,5z2PE3pO3UFbnkTT000rFbNxU2Y=
24,28,kB5DwQ8bvaj58xWFJlJYXdifTRY=,5z2PE3pO3UFbnkTT000rFbNxU2Y=
23,28,kB5DwQ8bvaj58xWFJlJYXdifTRY=,5z2PE3pO3UFbnkTT000rFbNxU2Y=
22,28,kB5DwQ8bvaj58xWFJlJYXdifTRY=,5z2PE3pO3UFbnkTT000rFbNxU2Y=
21,28,kB5DwQ8bvaj58xWFJlJYXdifTRY=,5z2PE3pO3UFbnkTT000rFbNxU2Y=
20,28,kB5DwQ8bvaj58xWFJlJYXdifTRY=,5z2PE3pO3UFbnkTT000rFbNxU2Y=
30,29,kB5DwQ8bvaj58xWFJlJYXdifTRY=,5z2PE3pO3UFbnkTT000rFbNxU2Y=
23,19,kB5DwQ8bvaj58xWFJlJYXdifTRY=,5z2PE3pO3UFbnkTT000rFbNxU2Y=
31,29,kB5DwQ8bvaj58xWFJlJYXdifTRY=,5z2PE3pO3UFbnkTT000rFbNxU2Y=
30,28,kB5DwQ8bvaj58xWFJlJYXdifTRY=,5z2PE3pO3UFbnkTT000rFbNxU2Y=
19,28,kB5DwQ8bvaj58xWFJlJYXdifTRY=,5z2PE3pO3UFbnkTT000rFbNxU2Y=
29,29,kB5DwQ8bvaj58xWFJlJYXdifTRY=,5z2PE3pO3UFbnkTT000rFbNxU2Y=
31,28,kB5DwQ8bvaj58xWFJlJYXdifTRY=,5z2PE3pO3UFbnkTT000rFbNxU2Y=
29,28,kB5DwQ8bvaj58xWFJlJYXdifTRY=,5z2PE3pO3UFbnkTT000rFbNxU2Y=
28,17,kB5DwQ8bvaj58xWFJlJYXdifTRY=,5z2PE3pO3UFbnkTT000rFbNxU2Y=
16,28,kB5DwQ8bvaj58xWFJlJYXdifTRY=,5z2PE3pO3UFbnkTT000rFbNxU2Y=
29,17,kB5DwQ8bvaj58xWFJlJYXdifTRY=,5z2PE3pO3UFbnkTT000rFbNxU2Y=
26,28,kB5DwQ8bvaj58xWFJlJYXdifTRY=,5z2PE3pO3UFbnkTT000rFbNxU2Y=
28,29,kB5DwQ8bvaj58xWFJlJYXdifTRY=,5z2PE3pO3UFbnkTT000rFbNxU2Y=
31,27,kB5DwQ8bvaj58xWFJlJYXdifTRY=,5z2PE3pO3UFbnkTT000rFbNxU2Y=
28,28,kB5DwQ8bvaj58xWFJlJYXdifTRY=,5z2PE3pO3UFbnkTT000rFbNxU2Y=
17,28,kB5DwQ8bvaj58xWFJlJYXdifTRY=,5z2PE3pO3UFbnkTT000rFbNxU2Y=
21,16,/qssx9jhQDOCohznFyMZxyEmsgI=,5z2PE3pO3UFbnkTT000rFbNxU2Y=
31,19,r87Gxe+3m/ptqhJ2/uYR6wd+zuM=,5z2PE3pO3UFbnkTT000rFbNxU2Y=
18,28,kB5DwQ8bvaj58xWFJlJYXdifTRY=,5z2PE3pO3UFbnkTT000rFbNxU2Y=
21,27,kB5DwQ8bvaj58xWFJlJYXdifTRY=,5z2PE3pO3UFbnkTT000rFbNxU2Y=
30,27,kB5DwQ8bvaj58xWFJlJYXdifTRY=,5z2PE3pO3UFbnkTT000rFbNxU2Y=
27,28,kB5DwQ8bvaj58xWFJlJYXdifTRY=,5z2PE3pO3UFbnkTT000rFbNxU2Y=
20,27,kB5DwQ8bvaj58xWFJlJYXdifTRY=,5z2PE3pO3UFbnkTT000rFbNxU2Y=
30,16,kB5DwQ8bvaj58xWFJlJYXdifTRY=,5z2PE3pO3UFbnkTT000rFbNxU2Y=
23,27,kB5DwQ8bvaj58xWFJlJYXdifTRY=,5z2PE3pO3UFbnkTT000rFbNxU2Y=
24,27,kB5DwQ8bvaj58xWFJlJYXdifTRY=,5z2PE3pO3UFbnkTT000rFbNxU2Y=
22,19,r87Gxe+3m/ptqhJ2/uYR6wd+zuM=,5z2PE3pO3UFbnkTT000rFbNxU2Y=
28,27,kB5DwQ8bvaj58xWFJlJYXdifTRY=,5z2PE3pO3UFbnkTT000rFbNxU2Y=
29,27,kB5DwQ8bvaj58xWFJlJYXdifTRY=,5z2PE3pO3UFbnkTT000rFbNxU2Y=
19,27,kB5DwQ8bvaj58xWFJlJYXdifTRY=,5z2PE3pO3UFbnkTT000rFbNxU2Y=
18,17,kB5DwQ8bvaj58xWFJlJYXdifTRY=,5z2PE3pO3UFbnkTT000rFbNxU2Y=
27,17,kB5DwQ8bvaj58xWFJlJYXdifTRY=,5z2PE3pO3UFbnkTT000rFbNxU2Y=
22,27,kB5DwQ8bvaj58xWFJlJYXdifTRY=,5z2PE3pO3UFbnkTT000rFbNxU2Y=
16,27,kB5DwQ8bvaj58xWFJlJYXdifTRY=,5z2PE3pO3UFbnkTT000rFbNxU2Y=
18,27,kB5DwQ8bvaj58xWFJlJYXdifTRY=,5z2PE3pO3UFbnkTT000rFbNxU2Y=
25,27,kB5DwQ8bvaj58xWFJlJYXdifTRY=,5z2PE3pO3UFbnkTT000rFbNxU2Y=
27,27,kB5DwQ8bvaj58xWFJlJYXdifTRY=,5z2PE3pO3UFbnkTT000rFbNxU2Y=
17,27,kB5DwQ8bvaj58xWFJlJYXdifTRY=,5z2PE3pO3UFbnkTT000rFbNxU2Y=
31,26,kB5DwQ8bvaj58xWFJlJYXdifTRY=,5z2PE3pO3UFbnkTT000rFbNxU2Y=
23,26,kB5DwQ8bvaj58xWFJlJYXdifTRY=,5z2PE3pO3UFbnkTT000rFbNxU2Y=
21,19,KtQw4wSDjEZT0h9bNdglBEyJgjw=,5z2PE3pO3UFbnkTT000rFbNxU2Y=
22,26,kB5DwQ8bvaj58xWFJlJYXdifTRY=,5z2PE3pO3UFbnkTT000rFbNxU2Y=
20,26,kB5DwQ8bvaj58xWFJlJYXdifTRY=,5z2PE3pO3UFbnkTT000rFbNxU2Y=
29,26,kB5DwQ8bvaj58xWFJlJYXdifTRY=,5z2PE3pO3UFbnkTT000rFbNxU2Y=
21,26,kB5DwQ8bvaj58xWFJlJYXdifTRY=,5z2PE3pO3UFbnkTT000rFbNxU2Y=
30,26,kB5DwQ8bvaj58xWFJlJYXdifTRY=,5z2PE3pO3UFbnkTT000rFbNxU2Y=
19,26,kB5DwQ8bvaj58xWFJlJYXdifTRY=,5z2PE3pO3UFbnkTT000rFbNxU2Y=
16,20,kB5DwQ8bvaj58xWFJlJYXdifTRY=,5z2PE3pO3UFbnkTT000rFbNxU2Y=
18,26,kB5DwQ8bvaj58xWFJlJYXdifTRY=,5z2PE3pO3UFbnkTT000rFbNxU2Y=
27,26,kB5DwQ8bvaj58xWFJlJYXdifTRY=,5z2PE3pO3UFbnkTT000rFbNxU2Y=
25,26,kB5DwQ8bvaj58xWFJlJYXdifTRY=,5z2PE3pO3UFbnkTT000rFbNxU2Y=
28,16,kB5DwQ8bvaj58xWFJlJYXdifTRY=,5z2PE3pO3UFbnkTT000rFbNxU2Y=
26,26,kB5DwQ8bvaj58xWFJlJYXdifTRY=,5z2PE3pO3UFbnkTT000rFbNxU2Y=
17,26,kB5DwQ8bvaj58xWFJlJYXdifTRY=,5z2PE3pO3UFbnkTT000rFbNxU2Y=
31,25,kB5DwQ8bvaj58xWFJlJYXdifTRY=,5z2PE3pO3UFbnkTT000rFbNxU2Y=
30,25,kB5DwQ8bvaj58xWFJlJYXdifTRY=,5z2PE3pO3UFbnkTT000rFbNxU2Y=
16,26,kB5DwQ8bvaj58xWFJlJYXdifTRY=,5z2PE3pO3UFbnkTT000rFbNxU2Y=
26,25,kB5DwQ8bvaj58xWFJlJYXdifTRY=,5z2PE3pO3UFbnkTT000rFbNxU2Y=
29,25,kB5DwQ8bvaj58xWFJlJYXdifTRY=,5z2PE3pO3UFbnkTT000rFbNxU2Y=
20,19,kB5DwQ8bvaj58xWFJlJYXdifTRY=,5z2PE3pO3UFbnkTT000rFbNxU2Y=
28,25,kB5DwQ8bvaj58xWFJlJYXdifTRY=,5z2PE3pO3UFbnkTT000rFbNxU2Y=
17,20,kB5DwQ8bvaj58xWFJlJYXdifTRY=,5z2PE3pO3UFbnkTT000rFbNxU2Y=
24,26,kB5DwQ8bvaj58xWFJlJYXdifTRY=,5z2PE3pO3UFbnkTT000rFbNxU2Y=
29,16,kB5DwQ8bvaj58xWFJlJYXdifTRY=,5z2PE3pO3UFbnkTT000rFbNxU2Y=
16,16,kB5DwQ8bvaj58xWFJlJYXdifTRY=,5z2PE3pO3UFbnkTT000rFbNxU2Y=
23,25,kB5DwQ8bvaj58xWFJlJYXdifTRY=,5z2PE3pO3UFbnkTT000rFbNxU2Y=
27,25,kB5DwQ8bvaj58xWFJlJYXdifTRY=,5z2PE3pO3UFbnkTT000rFbNxU2Y=
24,25,kB5DwQ8bvaj58xWFJlJYXdifTRY=,5z2PE3pO3UFbnkTT000rFbNxU2Y=
27,16,kB5DwQ8bvaj58xWFJlJYXdifTRY=,5z2PE3pO3UFbnkTT000rFbNxU2Y=
18,20,kB5DwQ8bvaj58xWFJlJYXdifTRY=,5z2PE3pO3UFbnkTT000rFbNxU2Y=
25,17,kB5DwQ8bvaj58xWFJlJYXdifTRY=,5z2PE3pO3UFbnkTT000rFbNxU2Y=
28,26,kB5DwQ8bvaj58xWFJlJYXdifTRY=,5z2PE3pO3UFbnkTT000rFbNxU2Y=
19,25,kB5DwQ8bvaj58xWFJlJYXdifTRY=,5z2PE3pO3UFbnkTT000rFbNxU2Y=
29,24,kB5DwQ8bvaj58xWFJlJYXdifTRY=,5z2PE3pO3UFbnkTT000rFbNxU2Y=
28,24,kB5DwQ8bvaj58xWFJlJYXdifTRY=,5z2PE3pO3UFbnkTT000rFbNxU2Y=
26,17,kB5DwQ8bvaj58xWFJlJYXdifTRY=,5z2PE3pO3UFbnkTT000rFbNxU2Y=
21,25,kB5DwQ8bvaj58xWFJlJYXdifTRY=,5z2PE3pO3UFbnkTT000rFbNxU2Y=
26,27,kB5DwQ8bvaj58xWFJlJYXdifTRY=,5z2PE3pO3UFbnkTT000rFbNxU2Y=
20,29,kB5DwQ8bvaj58xWFJlJYXdifTRY=,5z2PE3pO3UFbnkTT000rFbNxU2Y=
30,24,kB5DwQ8bvaj58xWFJlJYXdifTRY=,5z2PE3pO3UFbnkTT000rFbNxU2Y=
19,20,kB5DwQ8bvaj58xWFJlJYXdifTRY=,5z2PE3pO3UFbnkTT000rFbNxU2Y=
20,20,kB5DwQ8bvaj58xWFJlJYXdifTRY=,5z2PE3pO3UFbnkTT000rFbNxU2Y=
31,24,kB5DwQ8bvaj58xWFJlJYXdifTRY=,5z2PE3pO3UFbnkTT000rFbNxU2Y=
18,25,kB5DwQ8bvaj58xWFJlJYXdifTRY=,5z2PE3pO3UFbnkTT000rFbNxU2Y=
24,17,kB5DwQ8bvaj58xWFJlJYXdifTRY=,5z2PE3pO3UFbnkTT000rFbNxU2Y=
21,20,kB5DwQ8bvaj58xWFJlJYXdifTRY=,5z2PE3pO3UFbnkTT000rFbNxU2Y=
25,25,kB5DwQ8bvaj58xWFJlJYXdifTRY=,5z2PE3pO3UFbnkTT000rFbNxU2Y=
27,24,kB5DwQ8bvaj58xWFJlJYXdifTRY=,5z2PE3pO3UFbnkTT000rFbNxU2Y=
22,20,kB5DwQ8bvaj58xWFJlJYXdifTRY=,5z2PE3pO3UFbnkTT000rFbNxU2Y=
23,20,kB5DwQ8bvaj58xWFJlJYXdifTRY=,5z2PE3pO3UFbnkTT000rFbNxU2Y=
24,20,kB5DwQ8bvaj58xWFJlJYXdifTRY=,5z2PE3pO3UFbnkTT000rFbNxU2Y=
25,20,kB5DwQ8bvaj58xWFJlJYXdifTRY=,5z2PE3pO3UFbnkTT000rFbNxU2Y=
22,25,kB5DwQ8bvaj58xWFJlJYXdifTRY=,5z2PE3pO3UFbnkTT000rFbNxU2Y=
17,25,kB5DwQ8bvaj58xWFJlJYXdifTRY=,5z2PE3pO3UFbnkTT000rFbNxU2Y=
19,19,kB5DwQ8bvaj58xWFJlJYXdifTRY=,5z2PE3pO3UFbnkTT000rFbNxU2Y=
20,25,kB5DwQ8bvaj58xWFJlJYXdifTRY=,5z2PE3pO3UFbnkTT000rFbNxU2Y=
23,17,kB5DwQ8bvaj58xWFJlJYXdifTRY=,5z2PE3pO3UFbnkTT000rFbNxU2Y=
26,20,kB5DwQ8bvaj58xWFJlJYXdifTRY=,5z2PE3pO3UFbnkTT000rFbNxU2Y=
16,25,kB5DwQ8bvaj58xWFJlJYXdifTRY=,5z2PE3pO3UFbnkTT000rFbNxU2Y=
30,23,kB5DwQ8bvaj58xWFJlJYXdifTRY=,5z2PE3pO3UFbnkTT000rFbNxU2Y=
24,24,kB5DwQ8bvaj58xWFJlJYXdifTRY=,5z2PE3pO3UFbnkTT000rFbNxU2Y=
23,24,kB5DwQ8bvaj58xWFJlJYXdifTRY=,5z2PE3pO3UFbnkTT000rFbNxU2Y=
26,24,kB5DwQ8bvaj58xWFJlJYXdifTRY=,5z2PE3pO3UFbnkTT000rFbNxU2Y=
29,23,kB5DwQ8bvaj58xWFJlJYXdifTRY=,5z2PE3pO3UFbnkTT000rFbNxU2Y=
22,24,kB5DwQ8bvaj58xWFJlJYXdifTRY=,5z2PE3pO3UFbnkTT000rFbNxU2Y=
31,23,kB5DwQ8bvaj58xWFJlJYXdifTRY=,5z2PE3pO3UFbnkTT000rFbNxU2Y=
28,23,kB5DwQ8bvaj58xWFJlJYXdifTRY=,5z2PE3pO3UFbnkTT000rFbNxU2Y=
21,24,kB5DwQ8bvaj58xWFJlJYXdifTRY=,5z2PE3pO3UFbnkTT000rFbNxU2Y=
27,23,kB5DwQ8bvaj58xWFJlJYXdifTRY=,5z2PE3pO3UFbnkTT000rFbNxU2Y=
22,23,kB5DwQ8bvaj58xWFJlJYXdifTRY=,5z2PE3pO3UFbnkTT000rFbNxU2Y=
27,20,kB5DwQ8bvaj58xWFJlJYXdifTRY=,5z2PE3pO3UFbnkTT000rFbNxU2Y=
26,16,kB5DwQ8bvaj58xWFJlJYXdifTRY=,5z2PE3pO3UFbnkTT000rFbNxU2Y=
19,24,kB5DwQ8bvaj58xWFJlJYXdifTRY=,5z2PE3pO3UFbnkTT000rFbNxU2Y=
31,18,kB5DwQ8bvaj58xWFJlJYXdifTRY=,5z2PE3pO3UFbnkTT000rFbNxU2Y=
20,24,kB5DwQ8bvaj58xWFJlJYXdifTRY=,5z2PE3pO3UFbnkTT000rFbNxU2Y=
23,23,kB5DwQ8bvaj58xWFJlJYXdifTRY=,5z2PE3pO3UFbnkTT000rFbNxU2Y=
25,24,kB5DwQ8bvaj58xWFJlJYXdifTRY=,5z2PE3pO3UFbnkTT000rFbNxU2Y=
24,23,kB5DwQ8bvaj58xWFJlJYXdifTRY=,5z2PE3pO3UFbnkTT000rFbNxU2Y=
26,23,kB5DwQ8bvaj58xWFJlJYXdifTRY=,5z2PE3pO3UFbnkTT000rFbNxU2Y=
18,24,kB5DwQ8bvaj58xWFJlJYXdifTRY=,5z2PE3pO3UFbnkTT000rFbNxU2Y=
22,17,r87Gxe+3m/ptqhJ2/uYR6wd+zuM=,5z2PE3pO3UFbnkTT000rFbNxU2Y=
22,16,/qssx9jhQDOCohznFyMZxyEmsgI=,5z2PE3pO3UFbnkTT000rFbNxU2Y=
31,22,kB5DwQ8bvaj58xWFJlJYXdifTRY=,5z2PE3pO3UFbnkTT000rFbNxU2Y=
17,24,kB5DwQ8bvaj58xWFJlJYXdifTRY=,5z2PE3pO3UFbnkTT000rFbNxU2Y=
21,23,kB5DwQ8bvaj58xWFJlJYXdifTRY=,5z2PE3pO3UFbnkTT000rFbNxU2Y=
18,19,kB5DwQ8bvaj58xWFJlJYXdifTRY=,5z2PE3pO3UFbnkTT000rFbNxU2Y=
20,23,kB5DwQ8bvaj58xWFJlJYXdifTRY=,5z2PE3pO3UFbnkTT000rFbNxU2Y=
25,16,kB5DwQ8bvaj58xWFJlJYXdifTRY=,5z2PE3pO3UFbnkTT000rFbNxU2Y=
25,22,kB5DwQ8bvaj58xWFJlJYXdifTRY=,5z2PE3pO3UFbnkTT000rFbNxU2Y=
24,22,kB5DwQ8bvaj58xWFJlJYXdifTRY=,5z2PE3pO3UFbnkTT000rFbNxU2Y=
23,22,kB5DwQ8bvaj58xWFJlJYXdifTRY=,5z2PE3pO3UFbnkTT000rFbNxU2Y=
21,22,kB5DwQ8bvaj58xWFJlJYXdifTRY=,5z2PE3pO3UFbnkTT000rFbNxU2Y=
19,23,kB5DwQ8bvaj58xWFJlJYXdifTRY=,5z2PE3pO3UFbnkTT000rFbNxU2Y=
26,22,kB5DwQ8bvaj58xWFJlJYXdifTRY=,5z2PE3pO3UFbnkTT000rFbNxU2Y=
16,24,kB5DwQ8bvaj58xWFJlJYXdifTRY=,5z2PE3pO3UFbnkTT000rFbNxU2Y=
20,22,kB5DwQ8bvaj58xWFJlJYXdifTRY=,5z2PE3pO3UFbnkTT000rFbNxU2Y=
24,16,kB5DwQ8bvaj58xWFJlJYXdifTRY=,5z2PE3pO3UFbnkTT000rFbNxU2Y=
18,23,kB5DwQ8bvaj58xWFJlJYXdifTRY=,5z2PE3pO3UFbnkTT000rFbNxU2Y=
21,17,r87Gxe+3m/ptqhJ2/uYR6wd+zuM=,5z2PE3pO3UFbnkTT000rFbNxU2Y=
18,22,kB5DwQ8bvaj58xWFJlJYXdifTRY=,5z2PE3pO3UFbnkTT000rFbNxU2Y=
27,22,kB5DwQ8bvaj58xWFJlJYXdifTRY=,5z2PE3pO3UFbnkTT000rFbNxU2Y=
29,22,kB5DwQ8bvaj58xWFJlJYXdifTRY=,5z2PE3pO3UFbnkTT000rFbNxU2Y=
16,23,kB5DwQ8bvaj58xWFJlJYXdifTRY=,5z2PE3pO3UFbnkTT000rFbNxU2Y=
28,20,kB5DwQ8bvaj58xWFJlJYXdifTRY=,5z2PE3pO3UFbnkTT000rFbNxU2Y=
17,23,kB5DwQ8bvaj58xWFJlJYXdifTRY=,5z2PE3pO3UFbnkTT000rFbNxU2Y=
25,23,kB5DwQ8bvaj58xWFJlJYXdifTRY=,5z2PE3pO3UFbnkTT000rFbNxU2Y=
23,16,kB5DwQ8bvaj58xWFJlJYXdifTRY=,5z2PE3pO3UFbnkTT000rFbNxU2Y=
17,19,kB5DwQ8bvaj58xWFJlJYXdifTRY=,5z2PE3pO3UFbnkTT000rFbNxU2Y=
16,22,kB5DwQ8bvaj58xWFJlJYXdifTRY=,5z2PE3pO3UFbnkTT000rFbNxU2Y=
24,21,kB5DwQ8bvaj58xWFJlJYXdifTRY=,5z2PE3pO3UFbnkTT000rFbNxU2Y=
23,21,kB5DwQ8bvaj58xWFJlJYXdifTRY=,5z2PE3pO3UFbnkTT000rFbNxU2Y=
22,21,kB5DwQ8bvaj58xWFJlJYXdifTRY=,5z2PE3pO3UFbnkTT000rFbNxU2Y=
21,21,kB5DwQ8bvaj58xWFJlJYXdifTRY=,5z2PE3pO3UFbnkTT000rFbNxU2Y=
20,21,kB5DwQ8bvaj58xWFJlJYXdifTRY=,5z2PE3pO3UFbnkTT000rFbNxU2Y=
17,22,kB5DwQ8bvaj58xWFJlJYXdifTRY=,5z2PE3pO3UFbnkTT000rFbNxU2Y=
20,17,kB5DwQ8bvaj58xWFJlJYXdifTRY=,5z2PE3pO3UFbnkTT000rFbNxU2Y=
30,22,kB5DwQ8bvaj58xWFJlJYXdifTRY=,5z2PE3pO3UFbnkTT000rFbNxU2Y=
25,21,kB5DwQ8bvaj58xWFJlJYXdifTRY=,5z2PE3pO3UFbnkTT000rFbNxU2Y=
18,21,kB5DwQ8bvaj58xWFJlJYXdifTRY=,5z2PE3pO3UFbnkTT000rFbNxU2Y=
26,21,kB5DwQ8bvaj58xWFJlJYXdifTRY=,5z2PE3pO3UFbnkTT000rFbNxU2Y=
31,20,kB5DwQ8bvaj58xWFJlJYXdifTRY=,5z2PE3pO3UFbnkTT000rFbNxU2Y=
17,21,kB5DwQ8bvaj58xWFJlJYXdifTRY=,5z2PE3pO3UFbnkTT000rFbNxU2Y=
19,17,kB5DwQ8bvaj58xWFJlJYXdifTRY=,5z2PE3pO3UFbnkTT000rFbNxU2Y=
28,22,kB5DwQ8bvaj58xWFJlJYXdifTRY=,5z2PE3pO3UFbnkTT000rFbNxU2Y=
19,21,kB5DwQ8bvaj58xWFJlJYXdifTRY=,5z2PE3pO3UFbnkTT000rFbNxU2Y=
31,21,kB5DwQ8bvaj58xWFJlJYXdifTRY=,5z2PE3pO3UFbnkTT000rFbNxU2Y=
28,21,kB5DwQ8bvaj58xWFJlJYXdifTRY=,5z2PE3pO3UFbnkTT000rFbNxU2Y=
29,20,kB5DwQ8bvaj58xWFJlJYXdifTRY=,5z2PE3pO3UFbnkTT000rFbNxU2Y=
16,21,kB5DwQ8bvaj58xWFJlJYXdifTRY=,5z2PE3pO3UFbnkTT000rFbNxU2Y=
30,21,kB5DwQ8bvaj58xWFJlJYXdifTRY=,5z2PE3pO3UFbnkTT000rFbNxU2Y=
29,21,kB5DwQ8bvaj58xWFJlJYXdifTRY=,5z2PE3pO3UFbnkTT000rFbNxU2Y=
27,21,kB5DwQ8bvaj58xWFJlJYXdifTRY=,5z2PE3pO3UFbnkTT000rFbNxU2Y=
16,19,kB5DwQ8bvaj58xWFJlJYXdifTRY=,5z2PE3pO3UFbnkTT000rFbNxU2Y=
19,22,kB5DwQ8bvaj58xWFJlJYXdifTRY=,5z2PE3pO3UFbnkTT000rFbNxU2Y=
30,20,kB5DwQ8bvaj58xWFJlJYXdifTRY=,5z2PE3pO3UFbnkTT000rFbNxU2Y=
22,22,kB5DwQ8bvaj58xWFJlJYXdifTRY=,5z2PE3pO3UFbnkTT000rFbNxU2Y=
19,0,hLjJ48sfISVEEfuC6gh1QJZ40A4=,+xcRtMBJA5WeFQpsS10eagIvllo=
31,15,+iASsOVJWeN1P9GMrYfJPjgecsI=,+xcRtMBJA5WeFQpsS10eagIvllo=
30,15,hLjJ48sfISVEEfuC6gh1QJZ40A4=,+xcRtMBJA5WeFQpsS10eagIvllo=
28,3,cQeLoa5jorfuNrsZT4YatcvNp58=,+xcRtMBJA5WeFQpsS10eagIvllo=
27,3,cQeLoa5jorfuNrsZT4YatcvNp58=,+xcRtMBJA5WeFQpsS10eagIvllo=
31,1,cQeLoa5jorfuNrsZT4YatcvNp58=,+xcRtMBJA5WeFQpsS10eagIvllo=
26,15,cQeLoa5jorfuNrsZT4YatcvNp58=,+xcRtMBJA5WeFQpsS10eagIvllo=
27,2,cQeLoa5jorfuNrsZT4YatcvNp58=,+xcRtMBJA5WeFQpsS10eagIvllo=
25,15,hLjJ48sfISVEEfuC6gh1QJZ40A4=,+xcRtMBJA5WeFQpsS10eagIvllo=
28,2,cQeLoa5jorfuNrsZT4YatcvNp58=,+xcRtMBJA5WeFQpsS10eagIvllo=
21,15,cQeLoa5jorfuNrsZT4YatcvNp58=,+xcRtMBJA5WeFQpsS10eagIvllo=
24,15,cQeLoa5jorfuNrsZT4YatcvNp58=,+xcRtMBJA5WeFQpsS10eagIvllo=
26,2,cQeLoa5jorfuNrsZT4YatcvNp58=,+xcRtMBJA5WeFQpsS10eagIvllo=
28,15,cQeLoa5jorfuNrsZT4YatcvNp58=,+xcRtMBJA5WeFQpsS10eagIvllo=
23,2,cQeLoa5jorfuNrsZT4YatcvNp58=,+xcRtMBJA5WeFQpsS10eagIvllo=
23,15,cQeLoa5jorfuNrsZT4YatcvNp58=,+xcRtMBJA5WeFQpsS10eagIvllo=
22,2,+iASsOVJWeN1P9GMrYfJPjgecsI=,+xcRtMBJA5WeFQpsS10eagIvllo=
29,15,cQeLoa5jorfuNrsZT4YatcvNp58=,+xcRtMBJA5WeFQpsS10eagIvllo=
18,2,cQeLoa5jorfuNrsZT4YatcvNp58=,+xcRtMBJA5WeFQpsS10eagIvllo=
19,2,cQeLoa5jorfuNrsZT4YatcvNp58=,+xcRtMBJA5WeFQpsS10eagIvllo=
17,2,cQeLoa5jorfuNrsZT4YatcvNp58=,+xcRtMBJA5WeFQpsS10eagIvllo=
16,2,cQeLoa5jorfuNrsZT4YatcvNp58=,+xcRtMBJA5WeFQpsS10eagIvllo=
20,15,cQeLoa5jorfuNrsZT4YatcvNp58=,+xcRtMBJA5WeFQpsS10eagIvllo=
19,15,cQeLoa5jorfuNrsZT4YatcvNp58=,+xcRtMBJA5WeFQpsS10eagIvllo=
18,15,cQeLoa5jorfuNrsZT4YatcvNp58=,+xcRtMBJA5WeFQpsS10eagIvllo=
18,0,cQeLoa5jorfuNrsZT4YatcvNp58=,+xcRtMBJA5WeFQpsS10eagIvllo=
17,15,cQeLoa5jorfuNrsZT4YatcvNp58=,+xcRtMBJA5WeFQpsS10eagIvllo=
20,2,hLjJ48sfISVEEfuC6gh1QJZ40A4=,+xcRtMBJA5WeFQpsS10eagIvllo=
27,15,cQeLoa5jorfuNrsZT4YatcvNp58=,+xcRtMBJA5WeFQpsS10eagIvllo=
26,3,cQeLoa5jorfuNrsZT4YatcvNp58=,+xcRtMBJA5WeFQpsS10eagIvllo=
22,15,cQeLoa5jorfuNrsZT4YatcvNp58=,+xcRtMBJA5WeFQpsS10eagIvllo=
16,15,cQeLoa5jorfuNrsZT4YatcvNp58=,+xcRtMBJA5WeFQpsS10eagIvllo=
21,2,+iASsOVJWeN1P9GMrYfJPjgecsI=,+xcRtMBJA5WeFQpsS10eagIvllo=
29,2,cQeLoa5jorfuNrsZT4YatcvNp58=,+xcRtMBJA5WeFQpsS10eagIvllo=
24,2,cQeLoa5jorfuNrsZT4YatcvNp58=,+xcRtMBJA5WeFQpsS10eagIvllo=
25,2,cQeLoa5jorfuNrsZT4YatcvNp58=,+xcRtMBJA5WeFQpsS10eagIvllo=
23,14,cQeLoa5jorfuNrsZT4YatcvNp58=,+xcRtMBJA5WeFQpsS10eagIvllo=
24,14,cQeLoa5jorfuNrsZT4YatcvNp58=,+xcRtMBJA5WeFQpsS10eagIvllo=
30,2,cQeLoa5jorfuNrsZT4YatcvNp58=,+xcRtMBJA5WeFQpsS10eagIvllo=
27,14,cQeLoa5jorfuNrsZT4YatcvNp58=,+xcRtMBJA5WeFQpsS10eagIvllo=
26,14,cQeLoa5jorfuNrsZT4YatcvNp58=,+xcRtMBJA5WeFQpsS10eagIvllo=
22,14,cQeLoa5jorfuNrsZT4YatcvNp58=,+xcRtMBJA5WeFQpsS10eagIvllo=
18,14,cQeLoa5jorfuNrsZT4YatcvNp58=,+xcRtMBJA5WeFQpsS10eagIvllo=
25,14,cQeLoa5jorfuNrsZT4YatcvNp58=,+xcRtMBJA5WeFQpsS10eagIvllo=
30,14,cQeLoa5jorfuNrsZT4YatcvNp58=,+xcRtMBJA5WeFQpsS10eagIvllo=
20,14,cQeLoa5jorfuNrsZT4YatcvNp58=,+xcRtMBJA5WeFQpsS10eagIvllo=
30,1,cQeLoa5jorfuNrsZT4YatcvNp58=,+xcRtMBJA5WeFQpsS10eagIvllo=
19,14,cQeLoa5jorfuNrsZT4YatcvNp58=,+xcRtMBJA5WeFQpsS10eagIvllo=
16,1,cQeLoa5jorfuNrsZT4YatcvNp58=,+xcRtMBJA5WeFQpsS10eagIvllo=
17,1,cQeLoa5jorfuNrsZT4YatcvNp58=,+xcRtMBJA5WeFQpsS10eagIvllo=
16,14,cQeLoa5jorfuNrsZT4YatcvNp58=,+xcRtMBJA5WeFQpsS10eagIvllo=
17,14,cQeLoa5jorfuNrsZT4YatcvNp58=,+xcRtMBJA5WeFQpsS10eagIvllo=
28,14,cQeLoa5jorfuNrsZT4YatcvNp58=,+xcRtMBJA5WeFQpsS10eagIvllo=
31,14,cQeLoa5jorfuNrsZT4YatcvNp58=,+xcRtMBJA5WeFQpsS10eagIvllo=
20,0,cQeLoa5jorfuNrsZT4YatcvNp58=,+xcRtMBJA5WeFQpsS10eagIvllo=
27,13,cQeLoa5jorfuNrsZT4YatcvNp58=,+xcRtMBJA5WeFQpsS10eagIvllo=
29,14,cQeLoa5jorfuNrsZT4YatcvNp58=,+xcRtMBJA5WeFQpsS10eagIvllo=
17,0,+iASsOVJWeN1P9GMrYfJPjgecsI=,+xcRtMBJA5WeFQpsS10eagIvllo=
26,13,cQeLoa5jorfuNrsZT4YatcvNp58=,+xcRtMBJA5WeFQpsS10eagIvllo=
25,13,cQeLoa5jorfuNrsZT4YatcvNp58=,+xcRtMBJA5WeFQpsS10eagIvllo=
20,13,cQeLoa5jorfuNrsZT4YatcvNp58=,+xcRtMBJA5WeFQpsS10eagIvllo=
21,13,cQeLoa5jorfuNrsZT4YatcvNp58=,+xcRtMBJA5WeFQpsS10eagIvllo=
22,13,cQeLoa5jorfuNrsZT4YatcvNp58=,+xcRtMBJA5WeFQpsS10eagIvllo=
19,13,cQeLoa5jorfuNrsZT4YatcvNp58=,+xcRtMBJA5WeFQpsS10eagIvllo=
24,13,cQeLoa5jorfuNrsZT4YatcvNp58=,+xcRtMBJA5WeFQpsS10eagIvllo=
23,13,cQeLoa5jorfuNrsZT4YatcvNp58=,+xcRtMBJA5WeFQpsS10eagIvllo=
25,3,cQeLoa5jorfuNrsZT4YatcvNp58=,+xcRtMBJA5WeFQpsS10eagIvllo=
17,13,cQeLoa5jorfuNrsZT4YatcvNp58=,+xcRtMBJA5WeFQpsS10eagIvllo=
28,13,cQeLoa5jorfuNrsZT4YatcvNp58=,+xcRtMBJA5WeFQpsS10eagIvllo=
18,13,cQeLoa5jorfuNrsZT4YatcvNp58=,+xcRtMBJA5WeFQpsS10eagIvllo=
31,13,cQeLoa5jorfuNrsZT4YatcvNp58=,+xcRtMBJA5WeFQpsS10eagIvllo=
16,13,cQeLoa5jorfuNrsZT4YatcvNp58=,+xcRtMBJA5WeFQpsS10eagIvllo=
28,12,cQeLoa5jorfuNrsZT4YatcvNp58=,+xcRtMBJA5WeFQpsS10eagIvllo=
27,12,cQeLoa5jorfuNrsZT4YatcvNp58=,+xcRtMBJA5WeFQpsS10eagIvllo=
29,13,cQeLoa5jorfuNrsZT4YatcvNp58=,+xcRtMBJA5WeFQpsS10eagIvllo=
30,12,cQeLoa5jorfuNrsZT4YatcvNp58=,+xcRtMBJA5WeFQpsS10eagIvllo=
30,13,cQeLoa5jorfuNrsZT4YatcvNp58=,+xcRtMBJA5WeFQpsS10eagIvllo=
24,12,cQeLoa5jorfuNrsZT4YatcvNp58=,+xcRtMBJA5WeFQpsS10eagIvllo=
24,3,cQeLoa5jorfuNrsZT4YatcvNp58=,+xcRtMBJA5WeFQpsS10eagIvllo=
31,0,cQeLoa5jorfuNrsZT4YatcvNp58=,+xcRtMBJA5WeFQpsS10eagIvllo=
29,1,cQeLoa5jorfuNrsZT4YatcvNp58=,+xcRtMBJA5WeFQpsS10eagIvllo=
21,12,cQeLoa5jorfuNrsZT4YatcvNp58=,+xcRtMBJA5WeFQpsS10eagIvllo=
25,12,cQeLoa5jorfuNrsZT4YatcvNp58=,+xcRtMBJA5WeFQpsS10eagIvllo=
22,12,cQeLoa5jorfuNrsZT4YatcvNp58=,+xcRtMBJA5WeFQpsS10eagIvllo=
31,12,cQeLoa5jorfuNrsZT4YatcvNp58=,+xcRtMBJA5WeFQpsS10eagIvllo=
18,12,cQeLoa5jorfuNrsZT4YatcvNp58=,+xcRtMBJA5WeFQpsS10eagIvllo=
17,12,cQeLoa5jorfuNrsZT4YatcvNp58=,+xcRtMBJA5WeFQpsS10eagIvllo=
16,12,cQeLoa5jorfuNrsZT4YatcvNp58=,+xcRtMBJA5WeFQpsS10eagIvllo=
23,3,+iASsOVJWeN1P9GMrYfJPjgecsI=,+xcRtMBJA5WeFQpsS10eagIvllo=
27,1,cQeLoa5jorfuNrsZT4YatcvNp58=,+xcRtMBJA5WeFQpsS10eagIvllo=
31,11,cQeLoa5jorfuNrsZT4YatcvNp58=,+xcRtMBJA5WeFQpsS10eagIvllo=
30,11,cQeLoa5jorfuNrsZT4YatcvNp58=,+xcRtMBJA5WeFQpsS10eagIvllo=
27,11,cQeLoa5jorfuNrsZT4YatcvNp58=,+xcRtMBJA5WeFQpsS10eagIvllo=
28,11,cQeLoa5jorfuNrsZT4YatcvNp58=,+xcRtMBJA5WeFQpsS10eagIvllo=
25,11,cQeLoa5jorfuNrsZT4YatcvNp58=,+xcRtMBJA5WeFQpsS10eagIvllo=
24,11,cQeLoa5jorfuNrsZT4YatcvNp58=,+xcRtMBJA5WeFQpsS10eagIvllo=
26,11,cQeLoa5jorfuNrsZT4YatcvNp58=,+xcRtMBJA5WeFQpsS10eagIvllo=
28,1,cQeLoa5jorfuNrsZT4YatcvNp58=,+xcRtMBJA5WeFQpsS10eagIvllo=
23,11,cQeLoa5jorfuNrsZT4YatcvNp58=,+xcRtMBJA5WeFQpsS10eagIvllo=
22,11,cQeLoa5jorfuNrsZT4YatcvNp58=,+xcRtMBJA5WeFQpsS10eagIvllo=
21,11,cQeLoa5jorfuNrsZT4YatcvNp58=,+xcRtMBJA5WeFQpsS10eagIvllo=
22,3,+iASsOVJWeN1P9GMrYfJPjgecsI=,+xcRtMBJA5WeFQpsS10eagIvllo=
29,0,cQeLoa5jorfuNrsZT4YatcvNp58=,+xcRtMBJA5WeFQpsS10eagIvllo=
20,11,cQeLoa5jorfuNrsZT4YatcvNp58=,+xcRtMBJA5WeFQpsS10eagIvllo=
18,11,cQeLoa5jorfuNrsZT4YatcvNp58=,+xcRtMBJA5WeFQpsS10eagIvllo=
16,11,cQeLoa5jorfuNrsZT4YatcvNp58=,+xcRtMBJA5WeFQpsS10eagIvllo=
17,11,cQeLoa5jorfuNrsZT4YatcvNp58=,+xcRtMBJA5WeFQpsS10eagIvllo=
31,10,cQeLoa5jorfuNrsZT4YatcvNp58=,+xcRtMBJA5WeFQpsS10eagIvllo=
29,11,cQeLoa5jorfuNrsZT4YatcvNp58=,+xcRtMBJA5WeFQpsS10eagIvllo=
26,1,cQeLoa5jorfuNrsZT4YatcvNp58=,+xcRtMBJA5WeFQpsS10eagIvllo=
30,10,cQeLoa5jorfuNrsZT4YatcvNp58=,+xcRtMBJA5WeFQpsS10eagIvllo=
27,10,cQeLoa5jorfuNrsZT4YatcvNp58=,+xcRtMBJA5WeFQpsS10eagIvllo=
19,12,cQeLoa5jorfuNrsZT4YatcvNp58=,+xcRtMBJA5WeFQpsS10eagIvllo=
26,10,cQeLoa5jorfuNrsZT4YatcvNp58=,+xcRtMBJA5WeFQpsS10eagIvllo=
29,10,cQeLoa5jorfuNrsZT4YatcvNp58=,+xcRtMBJA5WeFQpsS10eagIvllo=
29,3,cQeLoa5jorfuNrsZT4YatcvNp58=,+xcRtMBJA5WeFQpsS10eagIvllo=
23,10,cQeLoa5jorfuNrsZT4YatcvNp58=,+xcRtMBJA5WeFQpsS10eagIvllo=
29,12,cQeLoa5jorfuNrsZT4YatcvNp58=,+xcRtMBJA5WeFQpsS10eagIvllo=
24,10,cQeLoa5jorfuNrsZT4YatcvNp58=,+xcRtMBJA5WeFQpsS10eagIvllo=
30,0,cQeLoa5jorfuNrsZT4YatcvNp58=,+xcRtMBJA5WeFQpsS10eagIvllo=
26,12,cQeLoa5jorfuNrsZT4YatcvNp58=,+xcRtMBJA5WeFQpsS10eagIvllo=
25,10,cQeLoa5jorfuNrsZT4YatcvNp58=,+xcRtMBJA5WeFQpsS10eagIvllo=
21,3,hLjJ48sfISVEEfuC6gh1QJZ40A4=,+xcRtMBJA5WeFQpsS10eagIvllo=
18,10,cQeLoa5jorfuNrsZT4YatcvNp58=,+xcRtMBJA5WeFQpsS10eagIvllo=
17,10,cQeLoa5jorfuNrsZT4YatcvNp58=,+xcRtMBJA5WeFQpsS10eagIvllo=
22,10,cQeLoa5jorfuNrsZT4YatcvNp58=,+xcRtMBJA5WeFQpsS10eagIvllo=
19,10,cQeLoa5jorfuNrsZT4YatcvNp58=,+xcRtMBJA5WeFQpsS10eagIvllo=
28,0,cQeLoa5jorfuNrsZT4YatcvNp58=,+xcRtMBJA5WeFQpsS10eagIvllo=
16,10,cQeLoa5jorfuNrsZT4YatcvNp58=,+xcRtMBJA5WeFQpsS10eagIvllo=
20,12,cQeLoa5jorfuNrsZT4YatcvNp58=,+xcRtMBJA5WeFQpsS10eagIvllo=
20,10,cQeLoa5jorfuNrsZT4YatcvNp58=,+xcRtMBJA5WeFQpsS10eagIvllo=
26,9,cQeLoa5jorfuNrsZT4YatcvNp58=,+xcRtMBJA5WeFQpsS10eagIvllo=
19,11,cQeLoa5jorfuNrsZT4YatcvNp58=,+xcRtMBJA5WeFQpsS10eagIvllo=
31,9,cQeLoa5jorfuNrsZT4YatcvNp58=,+xcRtMBJA5WeFQpsS10eagIvllo=
28,9,cQeLoa5jorfuNrsZT4YatcvNp58=,+xcRtMBJA5WeFQpsS10eagIvllo=
24,9,cQeLoa5jorfuNrsZT4YatcvNp58=,+xcRtMBJA5WeFQpsS10eagIvllo=
25,9,cQeLoa5jorfuNrsZT4YatcvNp58=,+xcRtMBJA5WeFQpsS10eagIvllo=
20,3,+iASsOVJWeN1P9GMrYfJPjgecsI=,+xcRtMBJA5WeFQpsS10eagIvllo=
27,9,cQeLoa5jorfuNrsZT4YatcvNp58=,+xcRtMBJA5WeFQpsS10eagIvllo=
28,10,cQeLoa5jorfuNrsZT4YatcvNp58=,+xcRtMBJA5WeFQpsS10eagIvllo=
27,0,cQeLoa5jorfuNrsZT4YatcvNp58=,+xcRtMBJA5WeFQpsS10eagIvllo=
20,9,cQeLoa5jorfuNrsZT4YatcvNp58=,+xcRtMBJA5WeFQpsS10eagIvllo=
18,9,cQeLoa5jorfuNrsZT4YatcvNp58=,+xcRtMBJA5WeFQpsS10eagIvllo=
16,9,cQeLoa5jorfuNrsZT4YatcvNp58=,+xcRtMBJA5WeFQpsS10eagIvllo=
21,9,cQeLoa5jorfuNrsZT4YatcvNp58=,+xcRtMBJA5WeFQpsS10eagIvllo=
19,9,cQeLoa5jorfuNrsZT4YatcvNp58=,+xcRtMBJA5WeFQpsS10eagIvllo=
22,9,cQeLoa5jorfuNrsZT4YatcvNp58=,+xcRtMBJA5WeFQpsS10eagIvllo=
30,8,cQeLoa5jorfuNrsZT4YatcvNp58=,+xcRtMBJA5WeFQpsS10eagIvllo=
31,8,cQeLoa5jorfuNrsZT4YatcvNp58=,+xcRtMBJA5WeFQpsS10eagIvllo=
29,8,cQeLoa5jorfuNrsZT4YatcvNp58=,+xcRtMBJA5WeFQpsS10eagIvllo=
27,8,cQeLoa5jorfuNrsZT4YatcvNp58=,+xcRtMBJA5WeFQpsS10eagIvllo=
26,8,cQeLoa5jorfuNrsZT4YatcvNp58=,+xcRtMBJA5WeFQpsS10eagIvllo=
25,8,cQeLoa5jorfuNrsZT4YatcvNp58=,+xcRtMBJA5WeFQpsS10eagIvllo=
24,8,cQeLoa5jorfuNrsZT4YatcvNp58=,+xcRtMBJA5WeFQpsS10eagIvllo=
26,0,cQeLoa5jorfuNrsZT4YatcvNp58=,+xcRtMBJA5WeFQpsS10eagIvllo=
28,8,cQeLoa5jorfuNrsZT4YatcvNp58=,+xcRtMBJA5WeFQpsS10eagIvllo=
23,8,cQeLoa5jorfuNrsZT4YatcvNp58=,+xcRtMBJA5WeFQpsS10eagIvllo=
19,3,+iASsOVJWeN1P9GMrYfJPjgecsI=,+xcRtMBJA5WeFQpsS10eagIvllo=
22,8,cQeLoa5jorfuNrsZT4YatcvNp58=,+xcRtMBJA5WeFQpsS10eagIvllo=
21,8,cQeLoa5jorfuNrsZT4YatcvNp58=,+xcRtMBJA5WeFQpsS10eagIvllo=
18,8,cQeLoa5jorfuNrsZT4YatcvNp58=,+xcRtMBJA5WeFQpsS10eagIvllo=
19,8,cQeLoa5jorfuNrsZT4YatcvNp58=,+xcRtMBJA5WeFQpsS10eagIvllo=
23,1,cQeLoa5jorfuNrsZT4YatcvNp58=,+xcRtMBJA5WeFQpsS10eagIvllo=
17,8,cQeLoa5jorfuNrsZT4YatcvNp58=,+xcRtMBJA5WeFQpsS10eagIvllo=
16,8,cQeLoa5jorfuNrsZT4YatcvNp58=,+xcRtMBJA5WeFQpsS10eagIvllo=
20,8,cQeLoa5jorfuNrsZT4YatcvNp58=,+xcRtMBJA5WeFQpsS10eagIvllo=
30,9,cQeLoa5jorfuNrsZT4YatcvNp58=,+xcRtMBJA5WeFQpsS10eagIvllo=
31,7,cQeLoa5jorfuNrsZT4YatcvNp58=,+xcRtMBJA5WeFQpsS10eagIvllo=
17,9,cQeLoa5jorfuNrsZT4YatcvNp58=,+xcRtMBJA5WeFQpsS10eagIvllo=
23,9,cQeLoa5jorfuNrsZT4YatcvNp58=,+xcRtMBJA5WeFQpsS10eagIvllo=
30,7,cQeLoa5jorfuNrsZT4YatcvNp58=,+xcRtMBJA5WeFQpsS10eagIvllo=
30,3,cQeLoa5jorfuNrsZT4YatcvNp58=,+xcRtMBJA5WeFQpsS10eagIvllo=
26,7,cQeLoa5jorfuNrsZT4YatcvNp58=,+xcRtMBJA5WeFQpsS10eagIvllo=
25,1,cQeLoa5jorfuNrsZT4YatcvNp58=,+xcRtMBJA5WeFQpsS10eagIvllo=
25,7,cQeLoa5jorfuNrsZT4YatcvNp58=,+xcRtMBJA5WeFQpsS10eagIvllo=
29,7,cQeLoa5jorfuNrsZT4YatcvNp58=,+xcRtMBJA5WeFQpsS10eagIvllo=
28,7,cQeLoa5jorfuNrsZT4YatcvNp58=,+xcRtMBJA5WeFQpsS10eagIvllo=
18,3,hLjJ48sfISVEEfuC6gh1QJZ40A4=,+xcRtMBJA5WeFQpsS10eagIvllo=
25,0,cQeLoa5jorfuNrsZT4YatcvNp58=,+xcRtMBJA5WeFQpsS10eagIvllo=
23,12,cQeLoa5jorfuNrsZT4YatcvNp58=,+xcRtMBJA5WeFQpsS10eagIvllo=
27,7,cQeLoa5jorfuNrsZT4YatcvNp58=,+xcRtMBJA5WeFQpsS10eagIvllo=
18,7,cQeLoa5jorfuNrsZT4YatcvNp58=,+xcRtMBJA5WeFQpsS10eagIvllo=
19,7,cQeLoa5jorfuNrsZT4YatcvNp58=,+xcRtMBJA5WeFQpsS10eagIvllo=
17,7,cQeLoa5jorfuNrsZT4YatcvNp58=,+xcRtMBJA5WeFQpsS10eagIvllo=
16,7,cQeLoa5jorfuNrsZT4YatcvNp58=,+xcRtMBJA5WeFQpsS10eagIvllo=
23,7,cQeLoa5jorfuNrsZT4YatcvNp58=,+xcRtMBJA5WeFQpsS10eagIvllo=
22,1,cQeLoa5jorfuNrsZT4YatcvNp58=,+xcRtMBJA5WeFQpsS10eagIvllo=
31,3,cQeLoa5jorfuNrsZT4YatcvNp58=,+xcRtMBJA5WeFQpsS10eagIvllo=
20,7,cQeLoa5jorfuNrsZT4YatcvNp58=,+xcRtMBJA5WeFQpsS10eagIvllo=
22,7,cQeLoa5jorfuNrsZT4YatcvNp58=,+xcRtMBJA5WeFQpsS10eagIvllo=
29,9,cQeLoa5jorfuNrsZT4YatcvNp58=,+xcRtMBJA5WeFQpsS10eagIvllo=
27,6,cQeLoa5jorfuNrsZT4YatcvNp58=,+xcRtMBJA5WeFQpsS10eagIvllo=
21,7,cQeLoa5jorfuNrsZT4YatcvNp58=,+xcRtMBJA5WeFQpsS10eagIvllo=
26,6,cQeLoa5jorfuNrsZT4YatcvNp58=,+xcRtMBJA5WeFQpsS10eagIvllo=
24,0,cQeLoa5jorfuNrsZT4YatcvNp58=,+xcRtMBJA5WeFQpsS10eagIvllo=
28,6,cQeLoa5jorfuNrsZT4YatcvNp58=,+xcRtMBJA5WeFQpsS10eagIvllo=
21,10,cQeLoa5jorfuNrsZT4YatcvNp58=,+xcRtMBJA5WeFQpsS10eagIvllo=
24,1,cQeLoa5jorfuNrsZT4YatcvNp58=,+xcRtMBJA5WeFQpsS10eagIvllo=
24,7,cQeLoa5jorfuNrsZT4YatcvNp58=,+xcRtMBJA5WeFQpsS10eagIvllo=
18,6,cQeLoa5jorfuNrsZT4YatcvNp58=,+xcRtMBJA5WeFQpsS10eagIvllo=
19,6,cQeLoa5jorfuNrsZT4YatcvNp58=,+xcRtMBJA5WeFQpsS10eagIvllo=
30,6,cQeLoa5jorfuNrsZT4YatcvNp58=,+xcRtMBJA5WeFQpsS10eagIvllo=
17,6,cQeLoa5jorfuNrsZT4YatcvNp58=,+xcRtMBJA5WeFQpsS10eagIvllo=
16,6,cQeLoa5jorfuNrsZT4YatcvNp58=,+xcRtMBJA5WeFQpsS10eagIvllo=
25,6,cQeLoa5jorfuNrsZT4YatcvNp58=,+xcRtMBJA5WeFQpsS10eagIvllo=
24,6,cQeLoa5jorfuNrsZT4YatcvNp58=,+xcRtMBJA5WeFQpsS10eagIvllo=
21,6,cQeLoa5jorfuNrsZT4YatcvNp58=,+xcRtMBJA5WeFQpsS10eagIvllo=
29,6,cQeLoa5jorfuNrsZT4YatcvNp58=,+xcRtMBJA5WeFQpsS10eagIvllo=
21,0,cQeLoa5jorfuNrsZT4YatcvNp58=,+xcRtMBJA5WeFQpsS10eagIvllo=
31,5,cQeLoa5jorfuNrsZT4YatcvNp58=,+xcRtMBJA5WeFQpsS10eagIvllo=
22,6,cQeLoa5jorfuNrsZT4YatcvNp58=,+xcRtMBJA5WeFQpsS10eagIvllo=
23,6,cQeLoa5jorfuNrsZT4YatcvNp58=,+xcRtMBJA5WeFQpsS10eagIvllo=
27,5,cQeLoa5jorfuNrsZT4YatcvNp58=,+xcRtMBJA5WeFQpsS10eagIvllo=
26,5,cQeLoa5jorfuNrsZT4YatcvNp58=,+xcRtMBJA5WeFQpsS10eagIvllo=
16,4,cQeLoa5jorfuNrsZT4YatcvNp58=,+xcRtMBJA5WeFQpsS10eagIvllo=
21,1,hLjJ48sfISVEEfuC6gh1QJZ40A4=,+xcRtMBJA5WeFQpsS10eagIvllo=
28,5,cQeLoa5jorfuNrsZT4YatcvNp58=,+xcRtMBJA5WeFQpsS10eagIvllo=
16,3,cQeLoa5jorfuNrsZT4YatcvNp58=,+xcRtMBJA5WeFQpsS10eagIvllo=
25,5,cQeLoa5jorfuNrsZT4YatcvNp58=,+xcRtMBJA5WeFQpsS10eagIvllo=
20,6,cQeLoa5jorfuNrsZT4YatcvNp58=,+xcRtMBJA5WeFQpsS10eagIvllo=
21,14,cQeLoa5jorfuNrsZT4YatcvNp58=,+xcRtMBJA5WeFQpsS10eagIvllo=
18,1,cQeLoa5jorfuNrsZT4YatcvNp58=,+xcRtMBJA5WeFQpsS10eagIvllo=
23,0,cQeLoa5jorfuNrsZT4YatcvNp58=,+xcRtMBJA5WeFQpsS10eagIvllo=
22,5,cQeLoa5jorfuNrsZT4YatcvNp58=,+xcRtMBJA5WeFQpsS10eagIvllo=
17,4,cQeLoa5jorfuNrsZT4YatcvNp58=,+xcRtMBJA5WeFQpsS10eagIvllo=
16,5,cQeLoa5jorfuNrsZT4YatcvNp58=,+xcRtMBJA5WeFQpsS10eagIvllo=
21,5,cQeLoa5jorfuNrsZT4YatcvNp58=,+xcRtMBJA5WeFQpsS10eagIvllo=
17,5,cQeLoa5jorfuNrsZT4YatcvNp58=,+xcRtMBJA5WeFQpsS10eagIvllo=
20,1,hLjJ48sfISVEEfuC6gh1QJZ40A4=,+xcRtMBJA5WeFQpsS10eagIvllo=
16,0,cQeLoa5jorfuNrsZT4YatcvNp58=,+xcRtMBJA5WeFQpsS10eagIvllo=
18,5,cQeLoa5jorfuNrsZT4YatcvNp58=,+xcRtMBJA5WeFQpsS10eagIvllo=
24,5,cQeLoa5jorfuNrsZT4YatcvNp58=,+xcRtMBJA5WeFQpsS10eagIvllo=
19,1,cQeLoa5jorfuNrsZT4YatcvNp58=,+xcRtMBJA5WeFQpsS10eagIvllo=
30,5,cQeLoa5jorfuNrsZT4YatcvNp58=,+xcRtMBJA5WeFQpsS10eagIvllo=
23,5,cQeLoa5jorfuNrsZT4YatcvNp58=,+xcRtMBJA5WeFQpsS10eagIvllo=
28,4,cQeLoa5jorfuNrsZT4YatcvNp58=,+xcRtMBJA5WeFQpsS10eagIvllo=
18,4,cQeLoa5jorfuNrsZT4YatcvNp58=,+xcRtMBJA5WeFQpsS10eagIvllo=
31,4,cQeLoa5jorfuNrsZT4YatcvNp58=,+xcRtMBJA5WeFQpsS10eagIvllo=
29,5,cQeLoa5jorfuNrsZT4YatcvNp58=,+xcRtMBJA5WeFQpsS10eagIvllo=
20,5,cQeLoa5jorfuNrsZT4YatcvNp58=,+xcRtMBJA5WeFQpsS10eagIvllo=
25,4,cQeLoa5jorfuNrsZT4YatcvNp58=,+xcRtMBJA5WeFQpsS10eagIvllo=
27,4,cQeLoa5jorfuNrsZT4YatcvNp58=,+xcRtMBJA5WeFQpsS10eagIvllo=
22,0,cQeLoa5jorfuNrsZT4YatcvNp58=,+xcRtMBJA5WeFQpsS10eagIvllo=
22,4,cQeLoa5jorfuNrsZT4YatcvNp58=,+xcRtMBJA5WeFQpsS10eagIvllo=
26,4,cQeLoa5jorfuNrsZT4YatcvNp58=,+xcRtMBJA5WeFQpsS10eagIvllo=
23,4,cQeLoa5jorfuNrsZT4YatcvNp58=,+xcRtMBJA5WeFQpsS10eagIvllo=
19,4,cQeLoa5jorfuNrsZT4YatcvNp58=,+xcRtMBJA5WeFQpsS10eagIvllo=
21,4,cQeLoa5jorfuNrsZT4YatcvNp58=,+xcRtMBJA5WeFQpsS10eagIvllo=
31,2,cQeLoa5jorfuNrsZT4YatcvNp58=,+xcRtMBJA5WeFQpsS10eagIvllo=
31,6,cQeLoa5jorfuNrsZT4YatcvNp58=,+xcRtMBJA5WeFQpsS10eagIvllo=
29,4,cQeLoa5jorfuNrsZT4YatcvNp58=,+xcRtMBJA5WeFQpsS10eagIvllo=
30,4,cQeLoa5jorfuNrsZT4YatcvNp58=,+xcRtMBJA5WeFQpsS10eagIvllo=
17,3,cQeLoa5jorfuNrsZT4YatcvNp58=,+xcRtMBJA5WeFQpsS10eagIvllo=
24,4,cQeLoa5jorfuNrsZT4YatcvNp58=,+xcRtMBJA5WeFQpsS10eagIvllo=
20,4,cQeLoa5jorfuNrsZT4YatcvNp58=,+xcRtMBJA5WeFQpsS10eagIvllo=
19,5,cQeLoa5jorfuNrsZT4YatcvNp58=,+xcRtMBJA5WeFQpsS10eagIvllo=
