120,-32,OBjDYyd1OGWiObsTVkFnZ6KbSss=,Oh57iK4QET6a/y8TQLj5IVVCSNk=
119,-32,OBjDYyd1OGWiObsTVkFnZ6KbSss=,Oh57iK4QET6a/y8TQLj5IVVCSNk=
127,-17,OBjDYyd1OGWiObsTVkFnZ6KbSss=,Oh57iK4QET6a/y8TQLj5IVVCSNk=
118,-32,OBjDYyd1OGWiObsTVkFnZ6KbSss=,Oh57iK4QET6a/y8TQLj5IVVCSNk=
117,-32,OBjDYyd1OGWiObsTVkFnZ6KbSss=,Oh57iK4QET6a/y8TQLj5IVVCSNk=
127,-29,OBjDYyd1OGWiObsTVkFnZ6KbSss=,Oh57iK4QET6a/y8TQLj5IVVCSNk=
126,-29,OBjDYyd1OGWiObsTVkFnZ6KbSss=,Oh57iK4QET6a/y8TQLj5IVVCSNk=
125,-29,OBjDYyd1OGWiObsTVkFnZ6KbSss=,Oh57iK4QET6a/y8TQLj5IVVCSNk=
124,-29,OBjDYyd1OGWiObsTVkFnZ6KbSss=,Oh57iK4QET6a/y8TQLj5IVVCSNk=
116,-32,OBjDYyd1OGWiObsTVkFnZ6KbSss=,Oh57iK4QET6a/y8TQLj5IVVCSNk=
117,-31,OBjDYyd1OGWiObsTVkFnZ6KbSss=,Oh57iK4QET6a/y8TQLj5IVVCSNk=
113,-32,OBjDYyd1OGWiObsTVkFnZ6KbSss=,Oh57iK4QET6a/y8TQLj5IVVCSNk=
115,-32,OBjDYyd1OGWiObsTVkFnZ6KbSss=,Oh57iK4QET6a/y8TQLj5IVVCSNk=
114,-32,OBjDYyd1OGWiObsTVkFnZ6KbSss=,Oh57iK4QET6a/y8TQLj5IVVCSNk=
126,-17,OBjDYyd1OGWiObsTVkFnZ6KbSss=,Oh57iK4QET6a/y8TQLj5IVVCSNk=
125,-17,OBjDYyd1OGWiObsTVkFnZ6KbSss=,Oh57iK4QET6a/y8TQLj5IVVCSNk=
124,-17,OBjDYyd1OGWiObsTVkFnZ6KbSss=,Oh57iK4QET6a/y8TQLj5IVVCSNk=
123,-29,OBjDYyd1OGWiObsTVkFnZ6KbSss=,Oh57iK4QET6a/y8TQLj5IVVCSNk=
112,-32,OBjDYyd1OGWiObsTVkFnZ6KbSss=,Oh57iK4QET6a/y8TQLj5IVVCSNk=
122,-29,OBjDYyd1OGWiObsTVkFnZ6KbSss=,Oh57iK4QET6a/y8TQLj5IVVCSNk=
121,-29,OBjDYyd1OGWiObsTVkFnZ6KbSss=,Oh57iK4QET6a/y8TQLj5IVVCSNk=
116,-31,OBjDYyd1OGWiObsTVkFnZ6KbSss=,Oh57iK4QET6a/y8TQLj5IVVCSNk=
123,-17,OBjDYyd1OGWiObsTVkFnZ6KbSss=,Oh57iK4QET6a/y8TQLj5IVVCSNk=
122,-17,OBjDYyd1OGWiObsTVkFnZ6KbSss=,Oh57iK4QET6a/y8TQLj5IVVCSNk=
121,-17,OBjDYyd1OGWiObsTVkFnZ6KbSss=,Oh57iK4QET6a/y8TQLj5IVVCSNk=
120,-17,OBjDYyd1OGWiObsTVkFnZ6KbSss=,Oh57iK4QET6a/y8TQLj5IVVCSNk=
119,-17,OBjDYyd1OGWiObsTVkFnZ6KbSss=,Oh57iK4QET6a/y8TQLj5IVVCSNk=
118,-17,OBjDYyd1OGWiObsTVkFnZ6KbSss=,Oh57iK4QET6a/y8TQLj5IVVCSNk=
117,-17,OBjDYyd1OGWiObsTVkFnZ6KbSss=,Oh57iK4QET6a/y8TQLj5IVVCSNk=
116,-17,OBjDYyd1OGWiObsTVkFnZ6KbSss=,Oh57iK4QET6a/y8TQLj5IVVCSNk=
115,-31,OBjDYyd1OGWiObsTVkFnZ6KbSss=,Oh57iK4QET6a/y8TQLj5IVVCSNk=
115,-17,OBjDYyd1OGWiObsTVkFnZ6KbSss=,Oh57iK4QET6a/y8TQLj5IVVCSNk=
114,-17,OBjDYyd1OGWiObsTVkFnZ6KbSss=,Oh57iK4QET6a/y8TQLj5IVVCSNk=
113,-17,OBjDYyd1OGWiObsTVkFnZ6KbSss=,Oh57iK4QET6a/y8TQLj5IVVCSNk=
120,-29,OBjDYyd1OGWiObsTVkFnZ6KbSss=,Oh57iK4QET6a/y8TQLj5IVVCSNk=
119,-29,OBjDYyd1OGWiObsTVkFnZ6KbSss=,Oh57iK4QET6a/y8TQLj5IVVCSNk=
112,-17,OBjDYyd1OGWiObsTVkFnZ6KbSss=,Oh57iK4QET6a/y8TQLj5IVVCSNk=
127,-18,OBjDYyd1OGWiObsTVkFnZ6KbSss=,Oh57iK4QET6a/y8TQLj5IVVCSNk=
126,-18,OBjDYyd1OGWiObsTVkFnZ6KbSss=,Oh57iK4QET6a/y8TQLj5IVVCSNk=
125,-18,OBjDYyd1OGWiObsTVkFnZ6KbSss=,Oh57iK4QET6a/y8TQLj5IVVCSNk=
124,-18,OBjDYyd1OGWiObsTVkFnZ6KbSss=,Oh57iK4QET6a/y8TQLj5IVVCSNk=
123,-18,OBjDYyd1OGWiObsTVkFnZ6KbSss=,Oh57iK4QET6a/y8TQLj5IVVCSNk=
122,-18,OBjDYyd1OGWiObsTVkFnZ6KbSss=,Oh57iK4QET6a/y8TQLj5IVVCSNk=
121,-18,OBjDYyd1OGWiObsTVkFnZ6KbSss=,Oh57iK4QET6a/y8TQLj5IVVCSNk=
120,-18,OBjDYyd1OGWiObsTVkFnZ6KbSss=,Oh57iK4QET6a/y8TQLj5IVVCSNk=
119,-18,OBjDYyd1OGWiObsTVkFnZ6KbSss=,Oh57iK4QET6a/y8TQLj5IVVCSNk=
118,-18,OBjDYyd1OGWiObsTVkFnZ6KbSss=,Oh57iK4QET6a/y8TQLj5IVVCSNk=
117,-18,OBjDYyd1OGWiObsTVkFnZ6KbSss=,Oh57iK4QET6a/y8TQLj5IVVCSNk=
116,-18,OBjDYyd1OGWiObsTVkFnZ6KbSss=,Oh57iK4QET6a/y8TQLj5IVVCSNk=
115,-18,OBjDYyd1OGWiObsTVkFnZ6KbSss=,Oh57iK4QET6a/y8TQLj5IVVCSNk=
114,-18,OBjDYyd1OGWiObsTVkFnZ6KbSss=,Oh57iK4QET6a/y8TQLj5IVVCSNk=
118,-29,OBjDYyd1OGWiObsTVkFnZ6KbSss=,Oh57iK4QET6a/y8TQLj5IVVCSNk=
117,-29,OBjDYyd1OGWiObsTVkFnZ6KbSss=,Oh57iK4QET6a/y8TQLj5IVVCSNk=
116,-29,OBjDYyd1OGWiObsTVkFnZ6KbSss=,Oh57iK4QET6a/y8TQLj5IVVCSNk=
113,-18,OBjDYyd1OGWiObsTVkFnZ6KbSss=,Oh57iK4QET6a/y8TQLj5IVVCSNk=
114,-31,OBjDYyd1OGWiObsTVkFnZ6KbSss=,Oh57iK4QET6a/y8TQLj5IVVCSNk=
112,-18,OBjDYyd1OGWiObsTVkFnZ6KbSss=,Oh57iK4QET6a/y8TQLj5IVVCSNk=
127,-19,OBjDYyd1OGWiObsTVkFnZ6KbSss=,Oh57iK4QET6a/y8TQLj5IVVCSNk=
126,-19,OBjDYyd1OGWiObsTVkFnZ6KbSss=,Oh57iK4QET6a/y8TQLj5IVVCSNk=
125,-19,OBjDYyd1OGWiObsTVkFnZ6KbSss=,Oh57iK4QET6a/y8TQLj5IVVCSNk=
124,-19,OBjDYyd1OGWiObsTVkFnZ6KbSss=,Oh57iK4QET6a/y8TQLj5IVVCSNk=
123,-19,OBjDYyd1OGWiObsTVkFnZ6KbSss=,Oh57iK4QET6a/y8TQLj5IVVCSNk=
122,-19,OBjDYyd1OGWiObsTVkFnZ6KbSss=,Oh57iK4QET6a/y8TQLj5IVVCSNk=
121,-19,OBjDYyd1OGWiObsTVkFnZ6KbSss=,Oh57iK4QET6a/y8TQLj5IVVCSNk=
120,-19,OBjDYyd1OGWiObsTVkFnZ6KbSss=,Oh57iK4QET6a/y8TQLj5IVVCSNk=
119,-19,OBjDYyd1OGWiObsTVkFnZ6KbSss=,Oh57iK4QET6a/y8TQLj5IVVCSNk=
118,-19,OBjDYyd1OGWiObsTVkFnZ6KbSss=,Oh57iK4QET6a/y8TQLj5IVVCSNk=
117,-19,OBjDYyd1OGWiObsTVkFnZ6KbSss=,Oh57iK4QET6a/y8TQLj5IVVCSNk=
116,-19,OBjDYyd1OGWiObsTVkFnZ6KbSss=,Oh57iK4QET6a/y8TQLj5IVVCSNk=
115,-19,OBjDYyd1OGWiObsTVkFnZ6KbSss=,Oh57iK4QET6a/y8TQLj5IVVCSNk=
115,-29,OBjDYyd1OGWiObsTVkFnZ6KbSss=,Oh57iK4QET6a/y8TQLj5IVVCSNk=
114,-29,OBjDYyd1OGWiObsTVkFnZ6KbSss=,Oh57iK4QET6a/y8TQLj5IVVCSNk=
113,-29,OBjDYyd1OGWiObsTVkFnZ6KbSss=,Oh57iK4QET6a/y8TQLj5IVVCSNk=
114,-19,OBjDYyd1OGWiObsTVkFnZ6KbSss=,Oh57iK4QET6a/y8TQLj5IVVCSNk=
113,-19,OBjDYyd1OGWiObsTVkFnZ6KbSss=,Oh57iK4QET6a/y8TQLj5IVVCSNk=
112,-19,OBjDYyd1OGWiObsTVkFnZ6KbSss=,Oh57iK4QET6a/y8TQLj5IVVCSNk=
113,-31,OBjDYyd1OGWiObsTVkFnZ6KbSss=,Oh57iK4QET6a/y8TQLj5IVVCSNk=
127,-20,OBjDYyd1OGWiObsTVkFnZ6KbSss=,Oh57iK4QET6a/y8TQLj5IVVCSNk=
126,-20,OBjDYyd1OGWiObsTVkFnZ6KbSss=,Oh57iK4QET6a/y8TQLj5IVVCSNk=
125,-20,OBjDYyd1OGWiObsTVkFnZ6KbSss=,Oh57iK4QET6a/y8TQLj5IVVCSNk=
124,-20,OBjDYyd1OGWiObsTVkFnZ6KbSss=,Oh57iK4QET6a/y8TQLj5IVVCSNk=
123,-20,OBjDYyd1OGWiObsTVkFnZ6KbSss=,Oh57iK4QET6a/y8TQLj5IVVCSNk=
122,-20,OBjDYyd1OGWiObsTVkFnZ6KbSss=,Oh57iK4QET6a/y8TQLj5IVVCSNk=
121,-20,OBjDYyd1OGWiObsTVkFnZ6KbSss=,Oh57iK4QET6a/y8TQLj5IVVCSNk=
120,-20,OBjDYyd1OGWiObsTVkFnZ6KbSss=,Oh57iK4QET6a/y8TQLj5IVVCSNk=
119,-20,OBjDYyd1OGWiObsTVkFnZ6KbSss=,Oh57iK4QET6a/y8TQLj5IVVCSNk=
118,-20,OBjDYyd1OGWiObsTVkFnZ6KbSss=,Oh57iK4QET6a/y8TQLj5IVVCSNk=
117,-20,OBjDYyd1OGWiObsTVkFnZ6KbSss=,Oh57iK4QET6a/y8TQLj5IVVCSNk=
116,-20,OBjDYyd1OGWiObsTVkFnZ6KbSss=,Oh57iK4QET6a/y8TQLj5IVVCSNk=
127,-30,OBjDYyd1OGWiObsTVkFnZ6KbSss=,Oh57iK4QET6a/y8TQLj5IVVCSNk=
112,-31,OBjDYyd1OGWiObsTVkFnZ6KbSss=,Oh57iK4QET6a/y8TQLj5IVVCSNk=
115,-20,OBjDYyd1OGWiObsTVkFnZ6KbSss=,Oh57iK4QET6a/y8TQLj5IVVCSNk=
114,-20,OBjDYyd1OGWiObsTVkFnZ6KbSss=,Oh57iK4QET6a/y8TQLj5IVVCSNk=
113,-20,OBjDYyd1OGWiObsTVkFnZ6KbSss=,Oh57iK4QET6a/y8TQLj5IVVCSNk=
126,-30,OBjDYyd1OGWiObsTVkFnZ6KbSss=,Oh57iK4QET6a/y8TQLj5IVVCSNk=
112,-20,OBjDYyd1OGWiObsTVkFnZ6KbSss=,Oh57iK4QET6a/y8TQLj5IVVCSNk=
127,-21,OBjDYyd1OGWiObsTVkFnZ6KbSss=,Oh57iK4QET6a/y8TQLj5IVVCSNk=
126,-21,OBjDYyd1OGWiObsTVkFnZ6KbSss=,Oh57iK4QET6a/y8TQLj5IVVCSNk=
125,-21,OBjDYyd1OGWiObsTVkFnZ6KbSss=,Oh57iK4QET6a/y8TQLj5IVVCSNk=
124,-21,OBjDYyd1OGWiObsTVkFnZ6KbSss=,Oh57iK4QET6a/y8TQLj5IVVCSNk=
123,-21,OBjDYyd1OGWiObsTVkFnZ6KbSss=,Oh57iK4QET6a/y8TQLj5IVVCSNk=
122,-21,OBjDYyd1OGWiObsTVkFnZ6KbSss=,Oh57iK4QET6a/y8TQLj5IVVCSNk=
121,-21,OBjDYyd1OGWiObsTVkFnZ6KbSss=,Oh57iK4QET6a/y8TQLj5IVVCSNk=
120,-21,OBjDYyd1OGWiObsTVkFnZ6KbSss=,Oh57iK4QET6a/y8TQLj5IVVCSNk=
119,-21,OBjDYyd1OGWiObsTVkFnZ6KbSss=,Oh57iK4QET6a/y8TQLj5IVVCSNk=
118,-21,OBjDYyd1OGWiObsTVkFnZ6KbSss=,Oh57iK4QET6a/y8TQLj5IVVCSNk=
117,-21,OBjDYyd1OGWiObsTVkFnZ6KbSss=,Oh57iK4QET6a/y8TQLj5IVVCSNk=
125,-30,OBjDYyd1OGWiObsTVkFnZ6KbSss=,Oh57iK4QET6a/y8TQLj5IVVCSNk=
124,-30,OBjDYyd1OGWiObsTVkFnZ6KbSss=,Oh57iK4QET6a/y8TQLj5IVVCSNk=
116,-21,OBjDYyd1OGWiObsTVkFnZ6KbSss=,Oh57iK4QET6a/y8TQLj5IVVCSNk=
115,-21,OBjDYyd1OGWiObsTVkFnZ6KbSss=,Oh57iK4QET6a/y8TQLj5IVVCSNk=
114,-21,OBjDYyd1OGWiObsTVkFnZ6KbSss=,Oh57iK4QET6a/y8TQLj5IVVCSNk=
113,-21,OBjDYyd1OGWiObsTVkFnZ6KbSss=,Oh57iK4QET6a/y8TQLj5IVVCSNk=
127,-32,OBjDYyd1OGWiObsTVkFnZ6KbSss=,Oh57iK4QET6a/y8TQLj5IVVCSNk=
112,-21,OBjDYyd1OGWiObsTVkFnZ6KbSss=,Oh57iK4QET6a/y8TQLj5IVVCSNk=
127,-22,OBjDYyd1OGWiObsTVkFnZ6KbSss=,Oh57iK4QET6a/y8TQLj5IVVCSNk=
126,-22,OBjDYyd1OGWiObsTVkFnZ6KbSss=,Oh57iK4QET6a/y8TQLj5IVVCSNk=
125,-22,OBjDYyd1OGWiObsTVkFnZ6KbSss=,Oh57iK4QET6a/y8TQLj5IVVCSNk=
124,-22,OBjDYyd1OGWiObsTVkFnZ6KbSss=,Oh57iK4QET6a/y8TQLj5IVVCSNk=
123,-22,OBjDYyd1OGWiObsTVkFnZ6KbSss=,Oh57iK4QET6a/y8TQLj5IVVCSNk=
122,-22,OBjDYyd1OGWiObsTVkFnZ6KbSss=,Oh57iK4QET6a/y8TQLj5IVVCSNk=
121,-22,OBjDYyd1OGWiObsTVkFnZ6KbSss=,Oh57iK4QET6a/y8TQLj5IVVCSNk=
120,-22,OBjDYyd1OGWiObsTVkFnZ6KbSss=,Oh57iK4QET6a/y8TQLj5IVVCSNk=
119,-22,OBjDYyd1OGWiObsTVkFnZ6KbSss=,Oh57iK4QET6a/y8TQLj5IVVCSNk=
118,-22,OBjDYyd1OGWiObsTVkFnZ6KbSss=,Oh57iK4QET6a/y8TQLj5IVVCSNk=
123,-30,OBjDYyd1OGWiObsTVkFnZ6KbSss=,Oh57iK4QET6a/y8TQLj5IVVCSNk=
122,-30,OBjDYyd1OGWiObsTVkFnZ6KbSss=,Oh57iK4QET6a/y8TQLj5IVVCSNk=
117,-22,OBjDYyd1OGWiObsTVkFnZ6KbSss=,Oh57iK4QET6a/y8TQLj5IVVCSNk=
116,-22,OBjDYyd1OGWiObsTVkFnZ6KbSss=,Oh57iK4QET6a/y8TQLj5IVVCSNk=
115,-22,OBjDYyd1OGWiObsTVkFnZ6KbSss=,Oh57iK4QET6a/y8TQLj5IVVCSNk=
114,-22,OBjDYyd1OGWiObsTVkFnZ6KbSss=,Oh57iK4QET6a/y8TQLj5IVVCSNk=
113,-22,OBjDYyd1OGWiObsTVkFnZ6KbSss=,Oh57iK4QET6a/y8TQLj5IVVCSNk=
121,-30,OBjDYyd1OGWiObsTVkFnZ6KbSss=,Oh57iK4QET6a/y8TQLj5IVVCSNk=
112,-22,OBjDYyd1OGWiObsTVkFnZ6KbSss=,Oh57iK4QET6a/y8TQLj5IVVCSNk=
127,-23,OBjDYyd1OGWiObsTVkFnZ6KbSss=,Oh57iK4QET6a/y8TQLj5IVVCSNk=
126,-23,OBjDYyd1OGWiObsTVkFnZ6KbSss=,Oh57iK4QET6a/y8TQLj5IVVCSNk=
125,-23,OBjDYyd1OGWiObsTVkFnZ6KbSss=,Oh57iK4QET6a/y8TQLj5IVVCSNk=
124,-23,OBjDYyd1OGWiObsTVkFnZ6KbSss=,Oh57iK4QET6a/y8TQLj5IVVCSNk=
123,-23,OBjDYyd1OGWiObsTVkFnZ6KbSss=,Oh57iK4QET6a/y8TQLj5IVVCSNk=
122,-23,OBjDYyd1OGWiObsTVkFnZ6KbSss=,Oh57iK4QET6a/y8TQLj5IVVCSNk=
121,-23,OBjDYyd1OGWiObsTVkFnZ6KbSss=,Oh57iK4QET6a/y8TQLj5IVVCSNk=
120,-23,OBjDYyd1OGWiObsTVkFnZ6KbSss=,Oh57iK4QET6a/y8TQLj5IVVCSNk=
119,-23,OBjDYyd1OGWiObsTVkFnZ6KbSss=,Oh57iK4QET6a/y8TQLj5IVVCSNk=
120,-30,OBjDYyd1OGWiObsTVkFnZ6KbSss=,Oh57iK4QET6a/y8TQLj5IVVCSNk=
126,-32,OBjDYyd1OGWiObsTVkFnZ6KbSss=,Oh57iK4QET6a/y8TQLj5IVVCSNk=
118,-23,OBjDYyd1OGWiObsTVkFnZ6KbSss=,Oh57iK4QET6a/y8TQLj5IVVCSNk=
117,-23,OBjDYyd1OGWiObsTVkFnZ6KbSss=,Oh57iK4QET6a/y8TQLj5IVVCSNk=
116,-23,OBjDYyd1OGWiObsTVkFnZ6KbSss=,Oh57iK4QET6a/y8TQLj5IVVCSNk=
115,-23,OBjDYyd1OGWiObsTVkFnZ6KbSss=,Oh57iK4QET6a/y8TQLj5IVVCSNk=
114,-23,OBjDYyd1OGWiObsTVkFnZ6KbSss=,Oh57iK4QET6a/y8TQLj5IVVCSNk=
113,-23,OBjDYyd1OGWiObsTVkFnZ6KbSss=,Oh57iK4QET6a/y8TQLj5IVVCSNk=
119,-30,OBjDYyd1OGWiObsTVkFnZ6KbSss=,Oh57iK4QET6a/y8TQLj5IVVCSNk=
112,-23,OBjDYyd1OGWiObsTVkFnZ6KbSss=,Oh57iK4QET6a/y8TQLj5IVVCSNk=
127,-24,OBjDYyd1OGWiObsTVkFnZ6KbSss=,Oh57iK4QET6a/y8TQLj5IVVCSNk=
126,-24,OBjDYyd1OGWiObsTVkFnZ6KbSss=,Oh57iK4QET6a/y8TQLj5IVVCSNk=
125,-24,OBjDYyd1OGWiObsTVkFnZ6KbSss=,Oh57iK4QET6a/y8TQLj5IVVCSNk=
124,-24,OBjDYyd1OGWiObsTVkFnZ6KbSss=,Oh57iK4QET6a/y8TQLj5IVVCSNk=
123,-24,OBjDYyd1OGWiObsTVkFnZ6KbSss=,Oh57iK4QET6a/y8TQLj5IVVCSNk=
122,-24,OBjDYyd1OGWiObsTVkFnZ6KbSss=,Oh57iK4QET6a/y8TQLj5IVVCSNk=
121,-24,OBjDYyd1OGWiObsTVkFnZ6KbSss=,Oh57iK4QET6a/y8TQLj5IVVCSNk=
120,-24,OBjDYyd1OGWiObsTVkFnZ6KbSss=,Oh57iK4QET6a/y8TQLj5IVVCSNk=
118,-30,OBjDYyd1OGWiObsTVkFnZ6KbSss=,Oh57iK4QET6a/y8TQLj5IVVCSNk=
117,-30,OBjDYyd1OGWiObsTVkFnZ6KbSss=,Oh57iK4QET6a/y8TQLj5IVVCSNk=
119,-24,OBjDYyd1OGWiObsTVkFnZ6KbSss=,Oh57iK4QET6a/y8TQLj5IVVCSNk=
118,-24,OBjDYyd1OGWiObsTVkFnZ6KbSss=,Oh57iK4QET6a/y8TQLj5IVVCSNk=
117,-24,OBjDYyd1OGWiObsTVkFnZ6KbSss=,Oh57iK4QET6a/y8TQLj5IVVCSNk=
116,-24,OBjDYyd1OGWiObsTVkFnZ6KbSss=,Oh57iK4QET6a/y8TQLj5IVVCSNk=
115,-24,OBjDYyd1OGWiObsTVkFnZ6KbSss=,Oh57iK4QET6a/y8TQLj5IVVCSNk=
114,-24,OBjDYyd1OGWiObsTVkFnZ6KbSss=,Oh57iK4QET6a/y8TQLj5IVVCSNk=
113,-24,OBjDYyd1OGWiObsTVkFnZ6KbSss=,Oh57iK4QET6a/y8TQLj5IVVCSNk=
116,-30,OBjDYyd1OGWiObsTVkFnZ6KbSss=,Oh57iK4QET6a/y8TQLj5IVVCSNk=
112,-24,OBjDYyd1OGWiObsTVkFnZ6KbSss=,Oh57iK4QET6a/y8TQLj5IVVCSNk=
127,-25,OBjDYyd1OGWiObsTVkFnZ6KbSss=,Oh57iK4QET6a/y8TQLj5IVVCSNk=
126,-25,OBjDYyd1OGWiObsTVkFnZ6KbSss=,Oh57iK4QET6a/y8TQLj5IVVCSNk=
125,-25,OBjDYyd1OGWiObsTVkFnZ6KbSss=,Oh57iK4QET6a/y8TQLj5IVVCSNk=
124,-25,OBjDYyd1OGWiObsTVkFnZ6KbSss=,Oh57iK4QET6a/y8TQLj5IVVCSNk=
123,-25,OBjDYyd1OGWiObsTVkFnZ6KbSss=,Oh57iK4QET6a/y8TQLj5IVVCSNk=
122,-25,OBjDYyd1OGWiObsTVkFnZ6KbSss=,Oh57iK4QET6a/y8TQLj5IVVCSNk=
121,-25,OBjDYyd1OGWiObsTVkFnZ6KbSss=,Oh57iK4QET6a/y8TQLj5IVVCSNk=
125,-32,OBjDYyd1OGWiObsTVkFnZ6KbSss=,Oh57iK4QET6a/y8TQLj5IVVCSNk=
115,-30,OBjDYyd1OGWiObsTVkFnZ6KbSss=,Oh57iK4QET6a/y8TQLj5IVVCSNk=
120,-25,OBjDYyd1OGWiObsTVkFnZ6KbSss=,Oh57iK4QET6a/y8TQLj5IVVCSNk=
119,-25,OBjDYyd1OGWiObsTVkFnZ6KbSss=,Oh57iK4QET6a/y8TQLj5IVVCSNk=
118,-25,OBjDYyd1OGWiObsTVkFnZ6KbSss=,Oh57iK4QET6a/y8TQLj5IVVCSNk=
117,-25,OBjDYyd1OGWiObsTVkFnZ6KbSss=,Oh57iK4QET6a/y8TQLj5IVVCSNk=
116,-25,OBjDYyd1OGWiObsTVkFnZ6KbSss=,Oh57iK4QET6a/y8TQLj5IVVCSNk=
115,-25,OBjDYyd1OGWiObsTVkFnZ6KbSss=,Oh57iK4QET6a/y8TQLj5IVVCSNk=
114,-25,OBjDYyd1OGWiObsTVkFnZ6KbSss=,Oh57iK4QET6a/y8TQLj5IVVCSNk=
113,-25,OBjDYyd1OGWiObsTVkFnZ6KbSss=,Oh57iK4QET6a/y8TQLj5IVVCSNk=
124,-32,OBjDYyd1OGWiObsTVkFnZ6KbSss=,Oh57iK4QET6a/y8TQLj5IVVCSNk=
127,-26,OBjDYyd1OGWiObsTVkFnZ6KbSss=,Oh57iK4QET6a/y8TQLj5IVVCSNk=
126,-26,OBjDYyd1OGWiObsTVkFnZ6KbSss=,Oh57iK4QET6a/y8TQLj5IVVCSNk=
125,-26,OBjDYyd1OGWiObsTVkFnZ6KbSss=,Oh57iK4QET6a/y8TQLj5IVVCSNk=
124,-26,OBjDYyd1OGWiObsTVkFnZ6KbSss=,Oh57iK4QET6a/y8TQLj5IVVCSNk=
123,-26,OBjDYyd1OGWiObsTVkFnZ6KbSss=,Oh57iK4QET6a/y8TQLj5IVVCSNk=
122,-26,OBjDYyd1OGWiObsTVkFnZ6KbSss=,Oh57iK4QET6a/y8TQLj5IVVCSNk=
114,-30,OBjDYyd1OGWiObsTVkFnZ6KbSss=,Oh57iK4QET6a/y8TQLj5IVVCSNk=
113,-30,OBjDYyd1OGWiObsTVkFnZ6KbSss=,Oh57iK4QET6a/y8TQLj5IVVCSNk=
121,-26,OBjDYyd1OGWiObsTVkFnZ6KbSss=,Oh57iK4QET6a/y8TQLj5IVVCSNk=
120,-26,OBjDYyd1OGWiObsTVkFnZ6KbSss=,Oh57iK4QET6a/y8TQLj5IVVCSNk=
119,-26,OBjDYyd1OGWiObsTVkFnZ6KbSss=,Oh57iK4QET6a/y8TQLj5IVVCSNk=
118,-26,OBjDYyd1OGWiObsTVkFnZ6KbSss=,Oh57iK4QET6a/y8TQLj5IVVCSNk=
117,-26,OBjDYyd1OGWiObsTVkFnZ6KbSss=,Oh57iK4QET6a/y8TQLj5IVVCSNk=
116,-26,OBjDYyd1OGWiObsTVkFnZ6KbSss=,Oh57iK4QET6a/y8TQLj5IVVCSNk=
115,-26,OBjDYyd1OGWiObsTVkFnZ6KbSss=,Oh57iK4QET6a/y8TQLj5IVVCSNk=
114,-26,OBjDYyd1OGWiObsTVkFnZ6KbSss=,Oh57iK4QET6a/y8TQLj5IVVCSNk=
112,-25,OBjDYyd1OGWiObsTVkFnZ6KbSss=,Oh57iK4QET6a/y8TQLj5IVVCSNk=
112,-30,OBjDYyd1OGWiObsTVkFnZ6KbSss=,Oh57iK4QET6a/y8TQLj5IVVCSNk=
113,-26,OBjDYyd1OGWiObsTVkFnZ6KbSss=,Oh57iK4QET6a/y8TQLj5IVVCSNk=
127,-27,OBjDYyd1OGWiObsTVkFnZ6KbSss=,Oh57iK4QET6a/y8TQLj5IVVCSNk=
126,-27,OBjDYyd1OGWiObsTVkFnZ6KbSss=,Oh57iK4QET6a/y8TQLj5IVVCSNk=
125,-27,OBjDYyd1OGWiObsTVkFnZ6KbSss=,Oh57iK4QET6a/y8TQLj5IVVCSNk=
124,-27,OBjDYyd1OGWiObsTVkFnZ6KbSss=,Oh57iK4QET6a/y8TQLj5IVVCSNk=
123,-27,OBjDYyd1OGWiObsTVkFnZ6KbSss=,Oh57iK4QET6a/y8TQLj5IVVCSNk=
123,-32,OBjDYyd1OGWiObsTVkFnZ6KbSss=,Oh57iK4QET6a/y8TQLj5IVVCSNk=
127,-31,OBjDYyd1OGWiObsTVkFnZ6KbSss=,Oh57iK4QET6a/y8TQLj5IVVCSNk=
126,-31,OBjDYyd1OGWiObsTVkFnZ6KbSss=,Oh57iK4QET6a/y8TQLj5IVVCSNk=
122,-27,OBjDYyd1OGWiObsTVkFnZ6KbSss=,Oh57iK4QET6a/y8TQLj5IVVCSNk=
121,-27,OBjDYyd1OGWiObsTVkFnZ6KbSss=,Oh57iK4QET6a/y8TQLj5IVVCSNk=
120,-27,OBjDYyd1OGWiObsTVkFnZ6KbSss=,Oh57iK4QET6a/y8TQLj5IVVCSNk=
119,-27,OBjDYyd1OGWiObsTVkFnZ6KbSss=,Oh57iK4QET6a/y8TQLj5IVVCSNk=
118,-27,OBjDYyd1OGWiObsTVkFnZ6KbSss=,Oh57iK4QET6a/y8TQLj5IVVCSNk=
117,-27,OBjDYyd1OGWiObsTVkFnZ6KbSss=,Oh57iK4QET6a/y8TQLj5IVVCSNk=
116,-27,OBjDYyd1OGWiObsTVkFnZ6KbSss=,Oh57iK4QET6a/y8TQLj5IVVCSNk=
115,-27,OBjDYyd1OGWiObsTVkFnZ6KbSss=,Oh57iK4QET6a/y8TQLj5IVVCSNk=
114,-27,OBjDYyd1OGWiObsTVkFnZ6KbSss=,Oh57iK4QET6a/y8TQLj5IVVCSNk=
113,-27,OBjDYyd1OGWiObsTVkFnZ6KbSss=,Oh57iK4QET6a/y8TQLj5IVVCSNk=
125,-31,OBjDYyd1OGWiObsTVkFnZ6KbSss=,Oh57iK4QET6a/y8TQLj5IVVCSNk=
127,-28,OBjDYyd1OGWiObsTVkFnZ6KbSss=,Oh57iK4QET6a/y8TQLj5IVVCSNk=
126,-28,OBjDYyd1OGWiObsTVkFnZ6KbSss=,Oh57iK4QET6a/y8TQLj5IVVCSNk=
125,-28,OBjDYyd1OGWiObsTVkFnZ6KbSss=,Oh57iK4QET6a/y8TQLj5IVVCSNk=
124,-28,OBjDYyd1OGWiObsTVkFnZ6KbSss=,Oh57iK4QET6a/y8TQLj5IVVCSNk=
124,-31,OBjDYyd1OGWiObsTVkFnZ6KbSss=,Oh57iK4QET6a/y8TQLj5IVVCSNk=
123,-28,OBjDYyd1OGWiObsTVkFnZ6KbSss=,Oh57iK4QET6a/y8TQLj5IVVCSNk=
122,-32,OBjDYyd1OGWiObsTVkFnZ6KbSss=,Oh57iK4QET6a/y8TQLj5IVVCSNk=
122,-28,OBjDYyd1OGWiObsTVkFnZ6KbSss=,Oh57iK4QET6a/y8TQLj5IVVCSNk=
121,-28,OBjDYyd1OGWiObsTVkFnZ6KbSss=,Oh57iK4QET6a/y8TQLj5IVVCSNk=
120,-28,OBjDYyd1OGWiObsTVkFnZ6KbSss=,Oh57iK4QET6a/y8TQLj5IVVCSNk=
119,-28,OBjDYyd1OGWiObsTVkFnZ6KbSss=,Oh57iK4QET6a/y8TQLj5IVVCSNk=
118,-28,OBjDYyd1OGWiObsTVkFnZ6KbSss=,Oh57iK4QET6a/y8TQLj5IVVCSNk=
117,-28,OBjDYyd1OGWiObsTVkFnZ6KbSss=,Oh57iK4QET6a/y8TQLj5IVVCSNk=
116,-28,OBjDYyd1OGWiObsTVkFnZ6KbSss=,Oh57iK4QET6a/y8TQLj5IVVCSNk=
115,-28,OBjDYyd1OGWiObsTVkFnZ6KbSss=,Oh57iK4QET6a/y8TQLj5IVVCSNk=
114,-28,OBjDYyd1OGWiObsTVkFnZ6KbSss=,Oh57iK4QET6a/y8TQLj5IVVCSNk=
113,-28,OBjDYyd1OGWiObsTVkFnZ6KbSss=,Oh57iK4QET6a/y8TQLj5IVVCSNk=
112,-28,OBjDYyd1OGWiObsTVkFnZ6KbSss=,Oh57iK4QET6a/y8TQLj5IVVCSNk=
123,-31,OBjDYyd1OGWiObsTVkFnZ6KbSss=,Oh57iK4QET6a/y8TQLj5IVVCSNk=
122,-31,OBjDYyd1OGWiObsTVkFnZ6KbSss=,Oh57iK4QET6a/y8TQLj5IVVCSNk=
121,-31,OBjDYyd1OGWiObsTVkFnZ6KbSss=,Oh57iK4QET6a/y8TQLj5IVVCSNk=
121,-32,OBjDYyd1OGWiObsTVkFnZ6KbSss=,Oh57iK4QET6a/y8TQLj5IVVCSNk=
120,-31,OBjDYyd1OGWiObsTVkFnZ6KbSss=,Oh57iK4QET6a/y8TQLj5IVVCSNk=
119,-31,OBjDYyd1OGWiObsTVkFnZ6KbSss=,Oh57iK4QET6a/y8TQLj5IVVCSNk=
118,-31,OBjDYyd1OGWiObsTVkFnZ6KbSss=,Oh57iK4QET6a/y8TQLj5IVVCSNk=
112,-27,OBjDYyd1OGWiObsTVkFnZ6KbSss=,Oh57iK4QET6a/y8TQLj5IVVCSNk=
112,-26,OBjDYyd1OGWiObsTVkFnZ6KbSss=,Oh57iK4QET6a/y8TQLj5IVVCSNk=
112,-29,OBjDYyd1OGWiObsTVkFnZ6KbSss=,Oh57iK4QET6a/y8TQLj5IVVCSNk=
111,-17,fTfViP1bp88FjTqrIO26Bl5NDrs=,YqbFbnXT1CYdsqGopD61j/TcDRg=
99,-32,fTfViP1bp88FjTqrIO26Bl5NDrs=,YqbFbnXT1CYdsqGopD61j/TcDRg=
108,-30,fTfViP1bp88FjTqrIO26Bl5NDrs=,YqbFbnXT1CYdsqGopD61j/TcDRg=
109,-30,fTfViP1bp88FjTqrIO26Bl5NDrs=,YqbFbnXT1CYdsqGopD61j/TcDRg=
111,-31,fTfViP1bp88FjTqrIO26Bl5NDrs=,YqbFbnXT1CYdsqGopD61j/TcDRg=
107,-30,fTfViP1bp88FjTqrIO26Bl5NDrs=,YqbFbnXT1CYdsqGopD61j/TcDRg=
106,-30,fTfViP1bp88FjTqrIO26Bl5NDrs=,YqbFbnXT1CYdsqGopD61j/TcDRg=
105,-30,fTfViP1bp88FjTqrIO26Bl5NDrs=,YqbFbnXT1CYdsqGopD61j/TcDRg=
103,-30,fTfViP1bp88FjTqrIO26Bl5NDrs=,YqbFbnXT1CYdsqGopD61j/TcDRg=
102,-30,fTfViP1bp88FjTqrIO26Bl5NDrs=,YqbFbnXT1CYdsqGopD61j/TcDRg=
101,-30,fTfViP1bp88FjTqrIO26Bl5NDrs=,YqbFbnXT1CYdsqGopD61j/TcDRg=
100,-30,fTfViP1bp88FjTqrIO26Bl5NDrs=,YqbFbnXT1CYdsqGopD61j/TcDRg=
108,-29,fTfViP1bp88FjTqrIO26Bl5NDrs=,YqbFbnXT1CYdsqGopD61j/TcDRg=
99,-30,fTfViP1bp88FjTqrIO26Bl5NDrs=,YqbFbnXT1CYdsqGopD61j/TcDRg=
110,-30,fTfViP1bp88FjTqrIO26Bl5NDrs=,YqbFbnXT1CYdsqGopD61j/TcDRg=
110,-17,fTfViP1bp88FjTqrIO26Bl5NDrs=,YqbFbnXT1CYdsqGopD61j/TcDRg=
107,-29,fTfViP1bp88FjTqrIO26Bl5NDrs=,YqbFbnXT1CYdsqGopD61j/TcDRg=
100,-32,fTfViP1bp88FjTqrIO26Bl5NDrs=,YqbFbnXT1CYdsqGopD61j/TcDRg=
98,-30,fTfViP1bp88FjTqrIO26Bl5NDrs=,YqbFbnXT1CYdsqGopD61j/TcDRg=
109,-29,fTfViP1bp88FjTqrIO26Bl5NDrs=,YqbFbnXT1CYdsqGopD61j/TcDRg=
97,-30,fTfViP1bp88FjTqrIO26Bl5NDrs=,YqbFbnXT1CYdsqGopD61j/TcDRg=
110,-29,fTfViP1bp88FjTqrIO26Bl5NDrs=,YqbFbnXT1CYdsqGopD61j/TcDRg=
96,-30,fTfViP1bp88FjTqrIO26Bl5NDrs=,YqbFbnXT1CYdsqGopD61j/TcDRg=
101,-32,fTfViP1bp88FjTqrIO26Bl5NDrs=,YqbFbnXT1CYdsqGopD61j/TcDRg=
98,-32,fTfViP1bp88FjTqrIO26Bl5NDrs=,YqbFbnXT1CYdsqGopD61j/TcDRg=
98,-31,fTfViP1bp88FjTqrIO26Bl5NDrs=,YqbFbnXT1CYdsqGopD61j/TcDRg=
109,-17,fTfViP1bp88FjTqrIO26Bl5NDrs=,YqbFbnXT1CYdsqGopD61j/TcDRg=
111,-29,fTfViP1bp88FjTqrIO26Bl5NDrs=,YqbFbnXT1CYdsqGopD61j/TcDRg=
108,-17,fTfViP1bp88FjTqrIO26Bl5NDrs=,YqbFbnXT1CYdsqGopD61j/TcDRg=
107,-17,fTfViP1bp88FjTqrIO26Bl5NDrs=,YqbFbnXT1CYdsqGopD61j/TcDRg=
106,-17,fTfViP1bp88FjTqrIO26Bl5NDrs=,YqbFbnXT1CYdsqGopD61j/TcDRg=
96,-28,fTfViP1bp88FjTqrIO26Bl5NDrs=,YqbFbnXT1CYdsqGopD61j/TcDRg=
110,-31,fTfViP1bp88FjTqrIO26Bl5NDrs=,YqbFbnXT1CYdsqGopD61j/TcDRg=
97,-28,fTfViP1bp88FjTqrIO26Bl5NDrs=,YqbFbnXT1CYdsqGopD61j/TcDRg=
110,-18,fTfViP1bp88FjTqrIO26Bl5NDrs=,YqbFbnXT1CYdsqGopD61j/TcDRg=
98,-28,fTfViP1bp88FjTqrIO26Bl5NDrs=,YqbFbnXT1CYdsqGopD61j/TcDRg=
109,-18,fTfViP1bp88FjTqrIO26Bl5NDrs=,YqbFbnXT1CYdsqGopD61j/TcDRg=
99,-28,fTfViP1bp88FjTqrIO26Bl5NDrs=,YqbFbnXT1CYdsqGopD61j/TcDRg=
108,-18,fTfViP1bp88FjTqrIO26Bl5NDrs=,YqbFbnXT1CYdsqGopD61j/TcDRg=
107,-18,fTfViP1bp88FjTqrIO26Bl5NDrs=,YqbFbnXT1CYdsqGopD61j/TcDRg=
106,-18,fTfViP1bp88FjTqrIO26Bl5NDrs=,YqbFbnXT1CYdsqGopD61j/TcDRg=
105,-18,fTfViP1bp88FjTqrIO26Bl5NDrs=,YqbFbnXT1CYdsqGopD61j/TcDRg=
104,-18,fTfViP1bp88FjTqrIO26Bl5NDrs=,YqbFbnXT1CYdsqGopD61j/TcDRg=
103,-18,fTfViP1bp88FjTqrIO26Bl5NDrs=,YqbFbnXT1CYdsqGopD61j/TcDRg=
100,-28,fTfViP1bp88FjTqrIO26Bl5NDrs=,YqbFbnXT1CYdsqGopD61j/TcDRg=
102,-18,fTfViP1bp88FjTqrIO26Bl5NDrs=,YqbFbnXT1CYdsqGopD61j/TcDRg=
101,-28,fTfViP1bp88FjTqrIO26Bl5NDrs=,YqbFbnXT1CYdsqGopD61j/TcDRg=
104,-30,fTfViP1bp88FjTqrIO26Bl5NDrs=,YqbFbnXT1CYdsqGopD61j/TcDRg=
101,-18,fTfViP1bp88FjTqrIO26Bl5NDrs=,YqbFbnXT1CYdsqGopD61j/TcDRg=
102,-28,fTfViP1bp88FjTqrIO26Bl5NDrs=,YqbFbnXT1CYdsqGopD61j/TcDRg=
103,-28,fTfViP1bp88FjTqrIO26Bl5NDrs=,YqbFbnXT1CYdsqGopD61j/TcDRg=
104,-28,fTfViP1bp88FjTqrIO26Bl5NDrs=,YqbFbnXT1CYdsqGopD61j/TcDRg=
105,-28,fTfViP1bp88FjTqrIO26Bl5NDrs=,YqbFbnXT1CYdsqGopD61j/TcDRg=
106,-28,fTfViP1bp88FjTqrIO26Bl5NDrs=,YqbFbnXT1CYdsqGopD61j/TcDRg=
107,-28,fTfViP1bp88FjTqrIO26Bl5NDrs=,YqbFbnXT1CYdsqGopD61j/TcDRg=
111,-30,fTfViP1bp88FjTqrIO26Bl5NDrs=,YqbFbnXT1CYdsqGopD61j/TcDRg=
102,-32,fTfViP1bp88FjTqrIO26Bl5NDrs=,YqbFbnXT1CYdsqGopD61j/TcDRg=
108,-28,fTfViP1bp88FjTqrIO26Bl5NDrs=,YqbFbnXT1CYdsqGopD61j/TcDRg=
109,-28,fTfViP1bp88FjTqrIO26Bl5NDrs=,YqbFbnXT1CYdsqGopD61j/TcDRg=
110,-28,fTfViP1bp88FjTqrIO26Bl5NDrs=,YqbFbnXT1CYdsqGopD61j/TcDRg=
111,-28,fTfViP1bp88FjTqrIO26Bl5NDrs=,YqbFbnXT1CYdsqGopD61j/TcDRg=
99,-31,fTfViP1bp88FjTqrIO26Bl5NDrs=,YqbFbnXT1CYdsqGopD61j/TcDRg=
96,-27,fTfViP1bp88FjTqrIO26Bl5NDrs=,YqbFbnXT1CYdsqGopD61j/TcDRg=
97,-27,fTfViP1bp88FjTqrIO26Bl5NDrs=,YqbFbnXT1CYdsqGopD61j/TcDRg=
98,-27,fTfViP1bp88FjTqrIO26Bl5NDrs=,YqbFbnXT1CYdsqGopD61j/TcDRg=
99,-18,fTfViP1bp88FjTqrIO26Bl5NDrs=,YqbFbnXT1CYdsqGopD61j/TcDRg=
98,-18,fTfViP1bp88FjTqrIO26Bl5NDrs=,YqbFbnXT1CYdsqGopD61j/TcDRg=
97,-31,fTfViP1bp88FjTqrIO26Bl5NDrs=,YqbFbnXT1CYdsqGopD61j/TcDRg=
105,-29,fTfViP1bp88FjTqrIO26Bl5NDrs=,YqbFbnXT1CYdsqGopD61j/TcDRg=
97,-18,fTfViP1bp88FjTqrIO26Bl5NDrs=,YqbFbnXT1CYdsqGopD61j/TcDRg=
96,-18,fTfViP1bp88FjTqrIO26Bl5NDrs=,YqbFbnXT1CYdsqGopD61j/TcDRg=
96,-31,fTfViP1bp88FjTqrIO26Bl5NDrs=,YqbFbnXT1CYdsqGopD61j/TcDRg=
111,-19,fTfViP1bp88FjTqrIO26Bl5NDrs=,YqbFbnXT1CYdsqGopD61j/TcDRg=
110,-19,fTfViP1bp88FjTqrIO26Bl5NDrs=,YqbFbnXT1CYdsqGopD61j/TcDRg=
109,-19,fTfViP1bp88FjTqrIO26Bl5NDrs=,YqbFbnXT1CYdsqGopD61j/TcDRg=
108,-19,fTfViP1bp88FjTqrIO26Bl5NDrs=,YqbFbnXT1CYdsqGopD61j/TcDRg=
107,-19,fTfViP1bp88FjTqrIO26Bl5NDrs=,YqbFbnXT1CYdsqGopD61j/TcDRg=
106,-19,fTfViP1bp88FjTqrIO26Bl5NDrs=,YqbFbnXT1CYdsqGopD61j/TcDRg=
105,-19,fTfViP1bp88FjTqrIO26Bl5NDrs=,YqbFbnXT1CYdsqGopD61j/TcDRg=
99,-27,fTfViP1bp88FjTqrIO26Bl5NDrs=,YqbFbnXT1CYdsqGopD61j/TcDRg=
104,-19,fTfViP1bp88FjTqrIO26Bl5NDrs=,YqbFbnXT1CYdsqGopD61j/TcDRg=
100,-18,fTfViP1bp88FjTqrIO26Bl5NDrs=,YqbFbnXT1CYdsqGopD61j/TcDRg=
100,-27,fTfViP1bp88FjTqrIO26Bl5NDrs=,YqbFbnXT1CYdsqGopD61j/TcDRg=
105,-17,fTfViP1bp88FjTqrIO26Bl5NDrs=,YqbFbnXT1CYdsqGopD61j/TcDRg=
104,-17,fTfViP1bp88FjTqrIO26Bl5NDrs=,YqbFbnXT1CYdsqGopD61j/TcDRg=
103,-17,fTfViP1bp88FjTqrIO26Bl5NDrs=,YqbFbnXT1CYdsqGopD61j/TcDRg=
102,-17,fTfViP1bp88FjTqrIO26Bl5NDrs=,YqbFbnXT1CYdsqGopD61j/TcDRg=
97,-32,fTfViP1bp88FjTqrIO26Bl5NDrs=,YqbFbnXT1CYdsqGopD61j/TcDRg=
111,-32,fTfViP1bp88FjTqrIO26Bl5NDrs=,YqbFbnXT1CYdsqGopD61j/TcDRg=
104,-29,fTfViP1bp88FjTqrIO26Bl5NDrs=,YqbFbnXT1CYdsqGopD61j/TcDRg=
98,-19,fTfViP1bp88FjTqrIO26Bl5NDrs=,YqbFbnXT1CYdsqGopD61j/TcDRg=
109,-31,fTfViP1bp88FjTqrIO26Bl5NDrs=,YqbFbnXT1CYdsqGopD61j/TcDRg=
100,-19,fTfViP1bp88FjTqrIO26Bl5NDrs=,YqbFbnXT1CYdsqGopD61j/TcDRg=
108,-31,fTfViP1bp88FjTqrIO26Bl5NDrs=,YqbFbnXT1CYdsqGopD61j/TcDRg=
99,-19,fTfViP1bp88FjTqrIO26Bl5NDrs=,YqbFbnXT1CYdsqGopD61j/TcDRg=
111,-20,fTfViP1bp88FjTqrIO26Bl5NDrs=,YqbFbnXT1CYdsqGopD61j/TcDRg=
110,-20,fTfViP1bp88FjTqrIO26Bl5NDrs=,YqbFbnXT1CYdsqGopD61j/TcDRg=
109,-20,fTfViP1bp88FjTqrIO26Bl5NDrs=,YqbFbnXT1CYdsqGopD61j/TcDRg=
108,-20,fTfViP1bp88FjTqrIO26Bl5NDrs=,YqbFbnXT1CYdsqGopD61j/TcDRg=
97,-19,fTfViP1bp88FjTqrIO26Bl5NDrs=,YqbFbnXT1CYdsqGopD61j/TcDRg=
96,-19,fTfViP1bp88FjTqrIO26Bl5NDrs=,YqbFbnXT1CYdsqGopD61j/TcDRg=
101,-19,fTfViP1bp88FjTqrIO26Bl5NDrs=,YqbFbnXT1CYdsqGopD61j/TcDRg=
107,-20,fTfViP1bp88FjTqrIO26Bl5NDrs=,YqbFbnXT1CYdsqGopD61j/TcDRg=
105,-20,fTfViP1bp88FjTqrIO26Bl5NDrs=,YqbFbnXT1CYdsqGopD61j/TcDRg=
106,-29,fTfViP1bp88FjTqrIO26Bl5NDrs=,YqbFbnXT1CYdsqGopD61j/TcDRg=
98,-17,fTfViP1bp88FjTqrIO26Bl5NDrs=,YqbFbnXT1CYdsqGopD61j/TcDRg=
101,-17,fTfViP1bp88FjTqrIO26Bl5NDrs=,YqbFbnXT1CYdsqGopD61j/TcDRg=
110,-32,fTfViP1bp88FjTqrIO26Bl5NDrs=,YqbFbnXT1CYdsqGopD61j/TcDRg=
103,-29,fTfViP1bp88FjTqrIO26Bl5NDrs=,YqbFbnXT1CYdsqGopD61j/TcDRg=
101,-20,fTfViP1bp88FjTqrIO26Bl5NDrs=,YqbFbnXT1CYdsqGopD61j/TcDRg=
98,-20,fTfViP1bp88FjTqrIO26Bl5NDrs=,YqbFbnXT1CYdsqGopD61j/TcDRg=
100,-17,fTfViP1bp88FjTqrIO26Bl5NDrs=,YqbFbnXT1CYdsqGopD61j/TcDRg=
107,-31,fTfViP1bp88FjTqrIO26Bl5NDrs=,YqbFbnXT1CYdsqGopD61j/TcDRg=
99,-20,fTfViP1bp88FjTqrIO26Bl5NDrs=,YqbFbnXT1CYdsqGopD61j/TcDRg=
111,-21,fTfViP1bp88FjTqrIO26Bl5NDrs=,YqbFbnXT1CYdsqGopD61j/TcDRg=
110,-21,fTfViP1bp88FjTqrIO26Bl5NDrs=,YqbFbnXT1CYdsqGopD61j/TcDRg=
109,-21,fTfViP1bp88FjTqrIO26Bl5NDrs=,YqbFbnXT1CYdsqGopD61j/TcDRg=
108,-21,fTfViP1bp88FjTqrIO26Bl5NDrs=,YqbFbnXT1CYdsqGopD61j/TcDRg=
107,-21,fTfViP1bp88FjTqrIO26Bl5NDrs=,YqbFbnXT1CYdsqGopD61j/TcDRg=
106,-21,fTfViP1bp88FjTqrIO26Bl5NDrs=,YqbFbnXT1CYdsqGopD61j/TcDRg=
100,-20,fTfViP1bp88FjTqrIO26Bl5NDrs=,YqbFbnXT1CYdsqGopD61j/TcDRg=
96,-20,fTfViP1bp88FjTqrIO26Bl5NDrs=,YqbFbnXT1CYdsqGopD61j/TcDRg=
105,-21,fTfViP1bp88FjTqrIO26Bl5NDrs=,YqbFbnXT1CYdsqGopD61j/TcDRg=
104,-21,fTfViP1bp88FjTqrIO26Bl5NDrs=,YqbFbnXT1CYdsqGopD61j/TcDRg=
101,-21,fTfViP1bp88FjTqrIO26Bl5NDrs=,YqbFbnXT1CYdsqGopD61j/TcDRg=
109,-32,fTfViP1bp88FjTqrIO26Bl5NDrs=,YqbFbnXT1CYdsqGopD61j/TcDRg=
102,-29,fTfViP1bp88FjTqrIO26Bl5NDrs=,YqbFbnXT1CYdsqGopD61j/TcDRg=
100,-21,fTfViP1bp88FjTqrIO26Bl5NDrs=,YqbFbnXT1CYdsqGopD61j/TcDRg=
99,-21,fTfViP1bp88FjTqrIO26Bl5NDrs=,YqbFbnXT1CYdsqGopD61j/TcDRg=
97,-20,fTfViP1bp88FjTqrIO26Bl5NDrs=,YqbFbnXT1CYdsqGopD61j/TcDRg=
103,-21,fTfViP1bp88FjTqrIO26Bl5NDrs=,YqbFbnXT1CYdsqGopD61j/TcDRg=
106,-31,fTfViP1bp88FjTqrIO26Bl5NDrs=,YqbFbnXT1CYdsqGopD61j/TcDRg=
96,-32,fTfViP1bp88FjTqrIO26Bl5NDrs=,YqbFbnXT1CYdsqGopD61j/TcDRg=
96,-21,fTfViP1bp88FjTqrIO26Bl5NDrs=,YqbFbnXT1CYdsqGopD61j/TcDRg=
111,-22,fTfViP1bp88FjTqrIO26Bl5NDrs=,YqbFbnXT1CYdsqGopD61j/TcDRg=
110,-22,fTfViP1bp88FjTqrIO26Bl5NDrs=,YqbFbnXT1CYdsqGopD61j/TcDRg=
109,-22,fTfViP1bp88FjTqrIO26Bl5NDrs=,YqbFbnXT1CYdsqGopD61j/TcDRg=
97,-21,fTfViP1bp88FjTqrIO26Bl5NDrs=,YqbFbnXT1CYdsqGopD61j/TcDRg=
98,-21,fTfViP1bp88FjTqrIO26Bl5NDrs=,YqbFbnXT1CYdsqGopD61j/TcDRg=
106,-22,fTfViP1bp88FjTqrIO26Bl5NDrs=,YqbFbnXT1CYdsqGopD61j/TcDRg=
97,-17,fTfViP1bp88FjTqrIO26Bl5NDrs=,YqbFbnXT1CYdsqGopD61j/TcDRg=
104,-22,fTfViP1bp88FjTqrIO26Bl5NDrs=,YqbFbnXT1CYdsqGopD61j/TcDRg=
103,-22,fTfViP1bp88FjTqrIO26Bl5NDrs=,YqbFbnXT1CYdsqGopD61j/TcDRg=
102,-22,fTfViP1bp88FjTqrIO26Bl5NDrs=,YqbFbnXT1CYdsqGopD61j/TcDRg=
108,-32,fTfViP1bp88FjTqrIO26Bl5NDrs=,YqbFbnXT1CYdsqGopD61j/TcDRg=
101,-29,fTfViP1bp88FjTqrIO26Bl5NDrs=,YqbFbnXT1CYdsqGopD61j/TcDRg=
96,-17,fTfViP1bp88FjTqrIO26Bl5NDrs=,YqbFbnXT1CYdsqGopD61j/TcDRg=
101,-22,fTfViP1bp88FjTqrIO26Bl5NDrs=,YqbFbnXT1CYdsqGopD61j/TcDRg=
98,-22,fTfViP1bp88FjTqrIO26Bl5NDrs=,YqbFbnXT1CYdsqGopD61j/TcDRg=
100,-22,fTfViP1bp88FjTqrIO26Bl5NDrs=,YqbFbnXT1CYdsqGopD61j/TcDRg=
99,-17,fTfViP1bp88FjTqrIO26Bl5NDrs=,YqbFbnXT1CYdsqGopD61j/TcDRg=
105,-22,fTfViP1bp88FjTqrIO26Bl5NDrs=,YqbFbnXT1CYdsqGopD61j/TcDRg=
96,-22,fTfViP1bp88FjTqrIO26Bl5NDrs=,YqbFbnXT1CYdsqGopD61j/TcDRg=
111,-23,fTfViP1bp88FjTqrIO26Bl5NDrs=,YqbFbnXT1CYdsqGopD61j/TcDRg=
105,-31,fTfViP1bp88FjTqrIO26Bl5NDrs=,YqbFbnXT1CYdsqGopD61j/TcDRg=
97,-22,fTfViP1bp88FjTqrIO26Bl5NDrs=,YqbFbnXT1CYdsqGopD61j/TcDRg=
99,-22,fTfViP1bp88FjTqrIO26Bl5NDrs=,YqbFbnXT1CYdsqGopD61j/TcDRg=
110,-23,fTfViP1bp88FjTqrIO26Bl5NDrs=,YqbFbnXT1CYdsqGopD61j/TcDRg=
106,-23,fTfViP1bp88FjTqrIO26Bl5NDrs=,YqbFbnXT1CYdsqGopD61j/TcDRg=
105,-23,fTfViP1bp88FjTqrIO26Bl5NDrs=,YqbFbnXT1CYdsqGopD61j/TcDRg=
109,-23,fTfViP1bp88FjTqrIO26Bl5NDrs=,YqbFbnXT1CYdsqGopD61j/TcDRg=
103,-23,fTfViP1bp88FjTqrIO26Bl5NDrs=,YqbFbnXT1CYdsqGopD61j/TcDRg=
107,-32,fTfViP1bp88FjTqrIO26Bl5NDrs=,YqbFbnXT1CYdsqGopD61j/TcDRg=
100,-29,fTfViP1bp88FjTqrIO26Bl5NDrs=,YqbFbnXT1CYdsqGopD61j/TcDRg=
108,-23,fTfViP1bp88FjTqrIO26Bl5NDrs=,YqbFbnXT1CYdsqGopD61j/TcDRg=
111,-18,fTfViP1bp88FjTqrIO26Bl5NDrs=,YqbFbnXT1CYdsqGopD61j/TcDRg=
101,-23,fTfViP1bp88FjTqrIO26Bl5NDrs=,YqbFbnXT1CYdsqGopD61j/TcDRg=
100,-23,fTfViP1bp88FjTqrIO26Bl5NDrs=,YqbFbnXT1CYdsqGopD61j/TcDRg=
99,-23,fTfViP1bp88FjTqrIO26Bl5NDrs=,YqbFbnXT1CYdsqGopD61j/TcDRg=
98,-23,fTfViP1bp88FjTqrIO26Bl5NDrs=,YqbFbnXT1CYdsqGopD61j/TcDRg=
97,-23,fTfViP1bp88FjTqrIO26Bl5NDrs=,YqbFbnXT1CYdsqGopD61j/TcDRg=
104,-31,fTfViP1bp88FjTqrIO26Bl5NDrs=,YqbFbnXT1CYdsqGopD61j/TcDRg=
96,-23,fTfViP1bp88FjTqrIO26Bl5NDrs=,YqbFbnXT1CYdsqGopD61j/TcDRg=
101,-27,fTfViP1bp88FjTqrIO26Bl5NDrs=,YqbFbnXT1CYdsqGopD61j/TcDRg=
111,-24,fTfViP1bp88FjTqrIO26Bl5NDrs=,YqbFbnXT1CYdsqGopD61j/TcDRg=
110,-24,fTfViP1bp88FjTqrIO26Bl5NDrs=,YqbFbnXT1CYdsqGopD61j/TcDRg=
107,-23,fTfViP1bp88FjTqrIO26Bl5NDrs=,YqbFbnXT1CYdsqGopD61j/TcDRg=
109,-24,fTfViP1bp88FjTqrIO26Bl5NDrs=,YqbFbnXT1CYdsqGopD61j/TcDRg=
106,-24,fTfViP1bp88FjTqrIO26Bl5NDrs=,YqbFbnXT1CYdsqGopD61j/TcDRg=
105,-24,fTfViP1bp88FjTqrIO26Bl5NDrs=,YqbFbnXT1CYdsqGopD61j/TcDRg=
104,-24,fTfViP1bp88FjTqrIO26Bl5NDrs=,YqbFbnXT1CYdsqGopD61j/TcDRg=
106,-32,fTfViP1bp88FjTqrIO26Bl5NDrs=,YqbFbnXT1CYdsqGopD61j/TcDRg=
99,-29,fTfViP1bp88FjTqrIO26Bl5NDrs=,YqbFbnXT1CYdsqGopD61j/TcDRg=
103,-24,fTfViP1bp88FjTqrIO26Bl5NDrs=,YqbFbnXT1CYdsqGopD61j/TcDRg=
107,-24,fTfViP1bp88FjTqrIO26Bl5NDrs=,YqbFbnXT1CYdsqGopD61j/TcDRg=
101,-24,fTfViP1bp88FjTqrIO26Bl5NDrs=,YqbFbnXT1CYdsqGopD61j/TcDRg=
100,-24,fTfViP1bp88FjTqrIO26Bl5NDrs=,YqbFbnXT1CYdsqGopD61j/TcDRg=
108,-24,fTfViP1bp88FjTqrIO26Bl5NDrs=,YqbFbnXT1CYdsqGopD61j/TcDRg=
98,-24,fTfViP1bp88FjTqrIO26Bl5NDrs=,YqbFbnXT1CYdsqGopD61j/TcDRg=
97,-24,fTfViP1bp88FjTqrIO26Bl5NDrs=,YqbFbnXT1CYdsqGopD61j/TcDRg=
103,-31,fTfViP1bp88FjTqrIO26Bl5NDrs=,YqbFbnXT1CYdsqGopD61j/TcDRg=
96,-24,fTfViP1bp88FjTqrIO26Bl5NDrs=,YqbFbnXT1CYdsqGopD61j/TcDRg=
102,-27,fTfViP1bp88FjTqrIO26Bl5NDrs=,YqbFbnXT1CYdsqGopD61j/TcDRg=
99,-24,fTfViP1bp88FjTqrIO26Bl5NDrs=,YqbFbnXT1CYdsqGopD61j/TcDRg=
103,-27,fTfViP1bp88FjTqrIO26Bl5NDrs=,YqbFbnXT1CYdsqGopD61j/TcDRg=
104,-27,fTfViP1bp88FjTqrIO26Bl5NDrs=,YqbFbnXT1CYdsqGopD61j/TcDRg=
100,-31,fTfViP1bp88FjTqrIO26Bl5NDrs=,YqbFbnXT1CYdsqGopD61j/TcDRg=
105,-27,fTfViP1bp88FjTqrIO26Bl5NDrs=,YqbFbnXT1CYdsqGopD61j/TcDRg=
106,-27,fTfViP1bp88FjTqrIO26Bl5NDrs=,YqbFbnXT1CYdsqGopD61j/TcDRg=
96,-29,fTfViP1bp88FjTqrIO26Bl5NDrs=,YqbFbnXT1CYdsqGopD61j/TcDRg=
103,-32,fTfViP1bp88FjTqrIO26Bl5NDrs=,YqbFbnXT1CYdsqGopD61j/TcDRg=
107,-27,fTfViP1bp88FjTqrIO26Bl5NDrs=,YqbFbnXT1CYdsqGopD61j/TcDRg=
108,-27,fTfViP1bp88FjTqrIO26Bl5NDrs=,YqbFbnXT1CYdsqGopD61j/TcDRg=
102,-20,fTfViP1bp88FjTqrIO26Bl5NDrs=,YqbFbnXT1CYdsqGopD61j/TcDRg=
103,-19,fTfViP1bp88FjTqrIO26Bl5NDrs=,YqbFbnXT1CYdsqGopD61j/TcDRg=
102,-19,fTfViP1bp88FjTqrIO26Bl5NDrs=,YqbFbnXT1CYdsqGopD61j/TcDRg=
109,-25,fTfViP1bp88FjTqrIO26Bl5NDrs=,YqbFbnXT1CYdsqGopD61j/TcDRg=
106,-25,fTfViP1bp88FjTqrIO26Bl5NDrs=,YqbFbnXT1CYdsqGopD61j/TcDRg=
105,-25,fTfViP1bp88FjTqrIO26Bl5NDrs=,YqbFbnXT1CYdsqGopD61j/TcDRg=
107,-25,fTfViP1bp88FjTqrIO26Bl5NDrs=,YqbFbnXT1CYdsqGopD61j/TcDRg=
98,-29,fTfViP1bp88FjTqrIO26Bl5NDrs=,YqbFbnXT1CYdsqGopD61j/TcDRg=
104,-25,fTfViP1bp88FjTqrIO26Bl5NDrs=,YqbFbnXT1CYdsqGopD61j/TcDRg=
103,-25,fTfViP1bp88FjTqrIO26Bl5NDrs=,YqbFbnXT1CYdsqGopD61j/TcDRg=
105,-32,fTfViP1bp88FjTqrIO26Bl5NDrs=,YqbFbnXT1CYdsqGopD61j/TcDRg=
102,-25,fTfViP1bp88FjTqrIO26Bl5NDrs=,YqbFbnXT1CYdsqGopD61j/TcDRg=
101,-25,fTfViP1bp88FjTqrIO26Bl5NDrs=,YqbFbnXT1CYdsqGopD61j/TcDRg=
108,-25,fTfViP1bp88FjTqrIO26Bl5NDrs=,YqbFbnXT1CYdsqGopD61j/TcDRg=
98,-25,fTfViP1bp88FjTqrIO26Bl5NDrs=,YqbFbnXT1CYdsqGopD61j/TcDRg=
97,-25,fTfViP1bp88FjTqrIO26Bl5NDrs=,YqbFbnXT1CYdsqGopD61j/TcDRg=
102,-31,fTfViP1bp88FjTqrIO26Bl5NDrs=,YqbFbnXT1CYdsqGopD61j/TcDRg=
96,-25,fTfViP1bp88FjTqrIO26Bl5NDrs=,YqbFbnXT1CYdsqGopD61j/TcDRg=
104,-20,fTfViP1bp88FjTqrIO26Bl5NDrs=,YqbFbnXT1CYdsqGopD61j/TcDRg=
106,-20,fTfViP1bp88FjTqrIO26Bl5NDrs=,YqbFbnXT1CYdsqGopD61j/TcDRg=
103,-20,fTfViP1bp88FjTqrIO26Bl5NDrs=,YqbFbnXT1CYdsqGopD61j/TcDRg=
109,-26,fTfViP1bp88FjTqrIO26Bl5NDrs=,YqbFbnXT1CYdsqGopD61j/TcDRg=
107,-26,fTfViP1bp88FjTqrIO26Bl5NDrs=,YqbFbnXT1CYdsqGopD61j/TcDRg=
102,-21,fTfViP1bp88FjTqrIO26Bl5NDrs=,YqbFbnXT1CYdsqGopD61j/TcDRg=
106,-26,fTfViP1bp88FjTqrIO26Bl5NDrs=,YqbFbnXT1CYdsqGopD61j/TcDRg=
104,-32,fTfViP1bp88FjTqrIO26Bl5NDrs=,YqbFbnXT1CYdsqGopD61j/TcDRg=
97,-29,fTfViP1bp88FjTqrIO26Bl5NDrs=,YqbFbnXT1CYdsqGopD61j/TcDRg=
105,-26,fTfViP1bp88FjTqrIO26Bl5NDrs=,YqbFbnXT1CYdsqGopD61j/TcDRg=
104,-26,fTfViP1bp88FjTqrIO26Bl5NDrs=,YqbFbnXT1CYdsqGopD61j/TcDRg=
110,-26,fTfViP1bp88FjTqrIO26Bl5NDrs=,YqbFbnXT1CYdsqGopD61j/TcDRg=
102,-26,fTfViP1bp88FjTqrIO26Bl5NDrs=,YqbFbnXT1CYdsqGopD61j/TcDRg=
100,-26,fTfViP1bp88FjTqrIO26Bl5NDrs=,YqbFbnXT1CYdsqGopD61j/TcDRg=
99,-26,fTfViP1bp88FjTqrIO26Bl5NDrs=,YqbFbnXT1CYdsqGopD61j/TcDRg=
98,-26,fTfViP1bp88FjTqrIO26Bl5NDrs=,YqbFbnXT1CYdsqGopD61j/TcDRg=
97,-26,fTfViP1bp88FjTqrIO26Bl5NDrs=,YqbFbnXT1CYdsqGopD61j/TcDRg=
96,-26,fTfViP1bp88FjTqrIO26Bl5NDrs=,YqbFbnXT1CYdsqGopD61j/TcDRg=
101,-26,fTfViP1bp88FjTqrIO26Bl5NDrs=,YqbFbnXT1CYdsqGopD61j/TcDRg=
103,-26,fTfViP1bp88FjTqrIO26Bl5NDrs=,YqbFbnXT1CYdsqGopD61j/TcDRg=
101,-31,fTfViP1bp88FjTqrIO26Bl5NDrs=,YqbFbnXT1CYdsqGopD61j/TcDRg=
110,-27,fTfViP1bp88FjTqrIO26Bl5NDrs=,YqbFbnXT1CYdsqGopD61j/TcDRg=
107,-22,fTfViP1bp88FjTqrIO26Bl5NDrs=,YqbFbnXT1CYdsqGopD61j/TcDRg=
102,-23,fTfViP1bp88FjTqrIO26Bl5NDrs=,YqbFbnXT1CYdsqGopD61j/TcDRg=
108,-22,fTfViP1bp88FjTqrIO26Bl5NDrs=,YqbFbnXT1CYdsqGopD61j/TcDRg=
111,-25,fTfViP1bp88FjTqrIO26Bl5NDrs=,YqbFbnXT1CYdsqGopD61j/TcDRg=
104,-23,fTfViP1bp88FjTqrIO26Bl5NDrs=,YqbFbnXT1CYdsqGopD61j/TcDRg=
102,-24,fTfViP1bp88FjTqrIO26Bl5NDrs=,YqbFbnXT1CYdsqGopD61j/TcDRg=
109,-27,fTfViP1bp88FjTqrIO26Bl5NDrs=,YqbFbnXT1CYdsqGopD61j/TcDRg=
99,-25,fTfViP1bp88FjTqrIO26Bl5NDrs=,YqbFbnXT1CYdsqGopD61j/TcDRg=
110,-25,fTfViP1bp88FjTqrIO26Bl5NDrs=,YqbFbnXT1CYdsqGopD61j/TcDRg=
100,-25,fTfViP1bp88FjTqrIO26Bl5NDrs=,YqbFbnXT1CYdsqGopD61j/TcDRg=
111,-27,fTfViP1bp88FjTqrIO26Bl5NDrs=,YqbFbnXT1CYdsqGopD61j/TcDRg=
111,-26,fTfViP1bp88FjTqrIO26Bl5NDrs=,YqbFbnXT1CYdsqGopD61j/TcDRg=
108,-26,fTfViP1bp88FjTqrIO26Bl5NDrs=,YqbFbnXT1CYdsqGopD61j/TcDRg=
